Top pages,Clicks,Impressions,CTR,Position
https://crazzycars.pk/,139,3605,3.86%,7.52
https://crazzycars.pk/cars/toyota-corolla-e140-2009-2014,23,263,8.75%,8.54
https://crazzycars.pk/car-heads-up-display-hud,20,282,7.09%,17.79
https://crazzycars.pk/toyota-corolla-airflow-ambient-led-ac-vent-trims-plug-and-play,19,175,10.86%,6.82
https://crazzycars.pk/changan-oshan-x7-batman-style-side-mirror-covers,19,105,18.1%,3.18
https://crazzycars.pk/toyota-corolla-2012-top-ac-panel,18,179,10.06%,5.64
https://crazzycars.pk/toyota-yaris-2020-2026-trunk-lip-spoiler-abs-plastic,16,90,17.78%,8.07
https://crazzycars.pk/categories/splitters-side-skirts,14,487,2.87%,8.13
https://crazzycars.pk/categories/led-indicator-lights,13,427,3.04%,10.7
https://crazzycars.pk/2pcs-front-bumper-lip-splitter-chin-spoiler-for-honda-civic-11th-gen-2022-2026-gloss-black,13,147,8.84%,6.45
https://crazzycars.pk/cars/deepal-s05-2024-present,13,87,14.94%,20.91
https://crazzycars.pk/honda-city-2008-2014-complete-body-kit,12,194,6.19%,10.43
https://crazzycars.pk/cars/toyota-corolla-e170-2014-2026,12,192,6.25%,7.3
https://crazzycars.pk/categories/interior-lights,11,381,2.89%,27.61
https://crazzycars.pk/categories/quarter-window-louvers,11,282,3.9%,7.88
https://crazzycars.pk/cars/honda-civic-reborn-2006-2012,11,113,9.73%,18.39
https://crazzycars.pk/devil-eye-led-rear-windshield-light,11,92,11.96%,8.59
https://crazzycars.pk/products/hyundai-elantra-2023-2026-sporty-style-body-kit-fibreglass-crazzycars-pk,10,133,7.52%,6.19
https://crazzycars.pk/products/toyota-corolla-2012-top-ac-panel,10,118,8.47%,6.19
https://crazzycars.pk/categories/side-mirror-covers,9,188,4.79%,9.04
https://crazzycars.pk/toyota-aqua-2016-2019-front-body-kit-fibreglass,9,171,5.26%,6.43
https://crazzycars.pk/car-brembo-style-brake-caliper-covers-universal-fit,9,135,6.67%,14.44
https://crazzycars.pk/cars/honda-city-classic-2009-2020,9,79,11.39%,18.34
https://www.crazzycars.pk/,8,282,2.84%,4.74
https://crazzycars.pk/honda-city-new-model-trunk-lip-spoiler-2021-2026,8,210,3.81%,12.06
https://crazzycars.pk/products/toyota-corolla-grande-steering-wheel-trim-in-carbon-fiber-multimedia,8,182,4.4%,7.9
https://crazzycars.pk/deepal-s05-batman-style-side-mirror-covers,8,113,7.08%,3.71
https://crazzycars.pk/products-honda-civic-x-carbon-fiber-interior-trim-kit-2016-2021,8,80,10%,6.84
https://crazzycars.pk/collections/car-splitters-side-skirts,7,291,2.41%,9.65
https://crazzycars.pk/toyota-corolla-2008-2013-sequential-side-mirror-indicators,7,68,10.29%,8.74
https://crazzycars.pk/collections/toyota-corolla-2009-2014-accessories,7,63,11.11%,15.48
https://crazzycars.pk/products/toyota-yaris-2020-2026-trunk-lip-spoiler-abs-plastic-crazzycars-pk,7,43,16.28%,5.07
https://crazzycars.pk/cars/hyundai-elantra-hybrid-2025-present,7,39,17.95%,22.15
https://crazzycars.pk/corolla-e140-led-rear-reflector,6,111,5.41%,5.78
https://crazzycars.pk/haval-h6-batman-style-side-mirror-cover,6,94,6.38%,4.54
https://crazzycars.pk/hyundai-elantra-2023-2026-sporty-style-body-kit-fibreglass,6,94,6.38%,9.44
https://crazzycars.pk/cars/honda-civic-rebirth-2012-2016,6,93,6.45%,14.12
https://crazzycars.pk/products/car-brembo-style-brake-caliper-covers-universal-fit,6,62,9.68%,13.48
https://crazzycars.pk/cars/toyota-raize-2019-present,6,61,9.84%,20.95
https://crazzycars.pk/honda-civic-11th-gen-2022-2026-carbon-fiber-steering-wheel-paddle-shifters-pair,6,46,13.04%,10.04
https://crazzycars.pk/products/devil-eye-led-rear-windshield-light,6,36,16.67%,12.94
https://crazzycars.pk/toyota-raize-batman-style-side-mirror-cover,6,29,20.69%,6.83
https://crazzycars.pk/osram-projector-lights-3-colour-premium-quality,6,20,30%,7.25
https://crazzycars.pk/collections/led-indicator-lights,5,205,2.44%,11.85
https://crazzycars.pk/honda-civic-x-rs-style-trunk-spoiler-2016-2021,5,92,5.43%,25.83
https://crazzycars.pk/toyota-aqua-2020-2022-rear-body-kit-fibreglass,5,78,6.41%,6.58
https://crazzycars.pk/shop,4,138,2.9%,31.03
https://crazzycars.pk/honda-civic-reborn-2006-2012-multimedia-steering-wheel-audio-control-buttons,4,93,4.3%,7.49
https://crazzycars.pk/corolla-e210-grande-led-rear-reflector,4,88,4.55%,5.77
https://crazzycars.pk/collections/honda-civic-rebirth-2012-2016-accessories-body-kits,4,52,7.69%,12.21
https://crazzycars.pk/products/car-heads-up-display-hud,4,52,7.69%,25.5
https://crazzycars.pk/toyota-corolla-nike-style-2-projector-headlights-2012-2014,4,51,7.84%,22.22
https://crazzycars.pk/toyota-corolla-e140-2009-2013-ducktail-trunk-spoiler,4,47,8.51%,5.38
https://crazzycars.pk/products/corolla-e140-led-rear-reflector,4,47,8.51%,8.13
https://crazzycars.pk/products/products-honda-civic-x-carbon-fiber-interior-trim-kit-2016-2021,4,45,8.89%,7.16
https://crazzycars.pk/cars/honda-civic-x-2016-2021,4,38,10.53%,24.53
https://crazzycars.pk/cars/hyundai-elantra-2020-2024,4,26,15.38%,15.62
https://crazzycars.pk/honda-city-2021-2025-drive-68-style-body-kit-fibreglass,4,25,16%,6.52
https://crazzycars.pk/honda-civic-reborn-front-quarter-louver-2007-2012-stylish-side-vent-cover-pair,4,13,30.77%,8.92
https://crazzycars.pk/toyota-aqua-2012-2015-complete-body-kit,3,135,2.22%,7.99
https://crazzycars.pk/collections/carbon-fiber-side-mirror-covers,3,127,2.36%,9.07
https://crazzycars.pk/collections/car-steering-wheel-covers,3,125,2.4%,34.27
https://crazzycars.pk/collections/interior-light,3,120,2.5%,33.02
https://crazzycars.pk/cars/toyota-mark-x-2004-1-genx120,3,109,2.75%,11.32
https://crazzycars.pk/honda-civic-reborn-2007-2012-forged-carbon-hand-brake-cover,3,94,3.19%,7.78
https://crazzycars.pk/cars/honda-civic-11th-gen-2022-present,3,89,3.37%,11.66
https://crazzycars.pk/collections/car-quarter-window-louvers,3,82,3.66%,10.51
https://crazzycars.pk/categories/carbon-fiber,3,81,3.7%,12.48
https://crazzycars.pk/collections/suzuki-swift-2025-present-accessories,3,73,4.11%,24.55
https://crazzycars.pk/categories/steering-wheel-covers,3,72,4.17%,40.42
https://crazzycars.pk/toyota-corolla-grande-2014-2018-carbon-fiber-steering-wheel-paddle-shifters-pair,3,68,4.41%,9.47
https://crazzycars.pk/products/toyota-corolla-2015-2026-rs-style-trunk-spoiler-abs,3,63,4.76%,7.24
https://crazzycars.pk/honda-civic-reborn-2014-2015-modulo-style-body-kit,3,61,4.92%,14.98
https://crazzycars.pk/toyota-corolla-nike-style-3-projector-headlights-2012-2014,3,60,5%,11.87
https://crazzycars.pk/collections/toyota-corolla-e170-2014-2020-accessories,3,55,5.45%,10.18
https://crazzycars.pk/products/honda-city-new-model-trunk-lip-spoiler-2021-2026,3,52,5.77%,15.37
https://crazzycars.pk/honda-city-2009-2021-multimedia-steering-wheel-buttons,3,51,5.88%,13.96
https://crazzycars.pk/honda-city-2015-2020-carbon-fiber-gear-lever-knob-cover,3,48,6.25%,7.98
https://crazzycars.pk/collections/honda-civic-reborn-2006-2012-accessories,3,47,6.38%,20.64
https://crazzycars.pk/honda-vezel-2013-2018-complete-body-kit,3,43,6.98%,22.79
https://crazzycars.pk/honda-civic-reborn-2006-2012-carbon-window-quarter-covers-pair-1,3,36,8.33%,6.36
https://crazzycars.pk/carbon-fiber-dashboard-trim-for-honda-civic-11th-gen-2022-2026,3,32,9.38%,7.72
https://crazzycars.pk/products/car-bonnet-hood-spacer-aluminum-2-pcs,3,27,11.11%,9.3
https://crazzycars.pk/toyota-corolla-2012-2014-body-kit-d4,3,26,11.54%,11.42
https://crazzycars.pk/collections/hyundai-elantra-2020-2024-accessories,3,23,13.04%,11.78
https://crazzycars.pk/honda-civic-11th-gen-2022-present-roof-spoiler,3,22,13.64%,13.27
https://crazzycars.pk/grill-led-police-light-red-blue,3,21,14.29%,25
https://crazzycars.pk/products/universal-rear-bumper-diffuser-carbon-fiber-d2-style-2pcs-crazzycars-pk,3,18,16.67%,10.72
https://crazzycars.pk/honda-civic-reborn-2006-2012-carbon-door-handle-cover-set,3,14,21.43%,5.5
https://crazzycars.pk/products/toyota-corolla-airflow-ambient-led-ac-vent-trims-plug-and-play-crazzycars-pk?variant=43784638988347&country=PK&currency=PKR,3,11,27.27%,9.55
https://crazzycars.pk/products/car-side-splitter-abs-plastic-4pcs,3,9,33.33%,9.44
https://crazzycars.pk/cars/toyota-prius-2016-2022,3,6,50%,24.17
https://crazzycars.pk/toyota-corolla-grande-steering-wheel-trim-in-carbon-fiber-multimedia,2,168,1.19%,7.78
https://crazzycars.pk/toyota-corolla-gli-xli-2009-2014-multimedia-steering-wheel-audio-control-buttons,2,131,1.53%,7.32
https://crazzycars.pk/cars,2,109,1.83%,19.88
https://crazzycars.pk/toyota-corolla-2009-2026-carbon-steering-monogram-abs,2,101,1.98%,7.27
https://crazzycars.pk/car-front-bumper-splitter-abs-plastic-3pcs,2,95,2.11%,7.42
https://crazzycars.pk/toyota-corolla-2018-2021-body-kit-d2,2,78,2.56%,22.5
https://crazzycars.pk/batman-style-side-mirror-cover-toyota-aqua-2012-present,2,74,2.7%,10.76
https://crazzycars.pk/toyota-corolla-lava-style-tail-lights-2012-2014,2,74,2.7%,11.73
https://crazzycars.pk/collections/honda-city,2,50,4%,24.72
https://crazzycars.pk/collections/toyota-aqua-accessories-shop-online-crazzycars-pk,2,43,4.65%,17.79
https://crazzycars.pk/cars/honda-civic-es-2001-2005,2,42,4.76%,30.5
https://crazzycars.pk/car-rgb-atmosphere-light-interior-footwell-led-lights-4-pcs,2,41,4.88%,11.07
https://crazzycars.pk/3-color-switchback-fog-led-light-with-flasher-h11-white-yellow-blue-2-pcs,2,41,4.88%,13.17
https://crazzycars.pk/2-pcs-set-alto-660cc-audi-style-side-fender-indicator-in-smoke-color,2,40,5%,9.88
https://crazzycars.pk/collections/hyundai-elantra-hybrid-2025-present-accessories,2,40,5%,19.15
https://crazzycars.pk/products/toyota-corolla-2009-2026-carbon-steering-monogram-abs,2,39,5.13%,12.44
https://crazzycars.pk/honda-civic-reborn-2006-2011-carbon-gear-shift-panel-cover,2,38,5.26%,5.32
https://crazzycars.pk/batman-style-side-mirror-cover-toyota-vitz-2010-present,2,37,5.41%,9.76
https://crazzycars.pk/products/honda-city-2015-2020-carbon-fiber-gear-lever-knob-cover-crazzycars-pk,2,36,5.56%,8.44
https://crazzycars.pk/cars/baic-bj40-2020-present,2,36,5.56%,34.22
https://crazzycars.pk/products/toyota-corolla-e140-2009-2013-ducktail-trunk-spoiler,2,30,6.67%,5.13
https://crazzycars.pk/honda-civic-2022-batman-style-side-mirror-covers,2,30,6.67%,11.53
https://crazzycars.pk/suzuki-swift-2022-2024-rs-style-body-kit-fibreglass,2,30,6.67%,13.27
https://crazzycars.pk/honda-city-2021-2025-modulo-style-body-kit-fibreglass,2,30,6.67%,24.67
https://crazzycars.pk/toyota-corolla-airflow-ambient-led-ac-vent-trims-plug-and-play-crazzycars-pk,2,28,7.14%,4.96
https://crazzycars.pk/collections/sos-flasher-led-lights,2,28,7.14%,7.32
https://crazzycars.pk/toyota-corolla-2015-2026-trunk-lip-spoiler-abs-plastic,2,28,7.14%,9.11
https://crazzycars.pk/honda-city-2020-2026-carbon-door-handle-cover-abs,2,27,7.41%,4.04
https://crazzycars.pk/products/toyota-aqua-2016-2019-front-body-kit-fibreglass-crazzycars-pk,2,27,7.41%,11.56
https://crazzycars.pk/toyota-mark-x-vertex-style-body-kit-2006-2009,2,26,7.69%,4.85
https://crazzycars.pk/products/honda-city-2021-2025-drive-68-style-body-kit-fibreglass-crazzycars-pk,2,24,8.33%,6.71
https://crazzycars.pk/toyota-corolla-2015-2022-batman-style-side-mirror-cover,2,23,8.7%,9.78
https://crazzycars.pk/cars/haval-h6-2021-present,2,23,8.7%,41.74
https://crazzycars.pk/collections/honda-civic-11th-gen-2022-present-accessories,2,21,9.52%,15.67
https://crazzycars.pk/toyota-corolla-2008-2010-complete-body-kit,2,19,10.53%,6.58
https://crazzycars.pk/sos-police-strip-light-red-blue,2,18,11.11%,9.94
https://crazzycars.pk/cars/honda-vezel-2020-2026,2,17,11.76%,32.06
https://crazzycars.pk/products/honda-city-2020-2026-carbon-door-handle-cover-abs,2,16,12.5%,7.06
https://crazzycars.pk/blogs/news/multimedia-steering-wheel-buttons-price-pakistan-2026,2,16,12.5%,7.5
https://crazzycars.pk/toyota-corolla-2014-2026-sequential-side-mirror-indicators,2,15,13.33%,5.67
https://crazzycars.pk/dynamic-car-underglow-lights,2,14,14.29%,15.21
https://crazzycars.pk/car-interior-ambient-lights-5-point-dashboard-doors,2,14,14.29%,22.93
https://crazzycars.pk/products/side-skirts-red-lip-abs-plastic-side-skirt-kit-4-pcs-copy,2,13,15.38%,13.46
https://crazzycars.pk/products/honda-city-2009-2020-sequential-side-mirror-indicators,2,13,15.38%,14.15
https://crazzycars.pk/civic-rebirth-side-mirror-rgb-indicator,2,12,16.67%,8.33
https://crazzycars.pk/collections/carbon-fiber-car-accessories-shop-online-crazzycars-pk,2,12,16.67%,12.08
https://crazzycars.pk/products/honda-city-2020-2026-carbon-window-quarter-covers-abs,2,11,18.18%,6.36
https://crazzycars.pk/toyota-corolla-2014-2026-interior-door-handle-carbon-fiber-trims-8pcs,2,11,18.18%,7
https://crazzycars.pk/products/honda-civic-2022-batman-style-side-mirror-covers,2,11,18.18%,9.45
https://crazzycars.pk/cars/dfsk-glory-580-2018-present,2,11,18.18%,37
https://crazzycars.pk/toyota-yaris-2020-2023-carbon-fiber-door-handle-cover,2,10,20%,6.2
https://crazzycars.pk/honda-civic-reborn-2007-2013-gr-style-front-grille-black-crazzycars-pk,2,10,20%,17.1
https://crazzycars.pk/honda-civic-x-2016-2021-body-kit-d2,2,10,20%,25
https://crazzycars.pk/carbon-fiber-window-power-control-trims-honda-civic-11th-gen-2022-2026-4pcs,2,9,22.22%,3.22
https://crazzycars.pk/products/carbon-fiber-window-power-control-trims-honda-civic-11th-gen-2022-2026-4pcs,2,8,25%,3.75
https://crazzycars.pk/toyota-corolla-2014-2026-side-mirror-led-indicators,2,8,25%,10.25
https://crazzycars.pk/canbus-bright-led-indicator-bulbs-2-pcs-crazzycars-pk,2,7,28.57%,7.57
https://crazzycars.pk/cars/honda-civic-rebirth-2012-2016?page=3,2,7,28.57%,11.86
https://crazzycars.pk/glory-580-pro-premium-metal-key-cover,2,6,33.33%,9.67
https://crazzycars.pk/honda-civic-x-side-window-quarter-louver-covers-black,2,5,40%,7.8
https://crazzycars.pk/toyota-fortuner-3-button-premium-metal-key-cover,2,5,40%,9.2
https://crazzycars.pk/toyota-corolla-2009-2011-body-kit-d2,2,4,50%,7
https://crazzycars.pk/products/toyota-corolla-2012-2014-body-kit-d3-crazzycars-pk,2,2,100%,23.5
https://crazzycars.pk/pages/track-your-order,1,358,0.28%,8.2
https://crazzycars.pk/categories/led-headlights-bulbs,1,181,0.55%,33.48
https://crazzycars.pk/cars/suzuki-liana-2006-2014,1,156,0.64%,32.01
https://crazzycars.pk/categories/led-lighting,1,131,0.76%,36.58
https://crazzycars.pk/funny-window-hand-gesture-led-light,1,104,0.96%,6.99
https://crazzycars.pk/cars/suzuki-alto-2020-present,1,66,1.52%,25.15
https://crazzycars.pk/categories/multimedia-steering-controls,1,65,1.54%,11.77
https://crazzycars.pk/products/honda-civic-reborn-2006-2012-multimedia-steering-wheel-audio-control-buttons-crazzycars-pk,1,64,1.56%,6.56
https://crazzycars.pk/products/toyota-corolla-grande-2014-2018-carbon-fiber-steering-wheel-paddle-shifters-pair-crazzycars-pk,1,63,1.59%,7.65
https://crazzycars.pk/products/toyota-aqua-2012-2015-complete-body-kit-crazzycars-pk,1,58,1.72%,11.16
https://crazzycars.pk/car-rear-bumper-splitter-simple-universal,1,53,1.89%,11.32
https://crazzycars.pk/civic-x-carbon-complete-deal,1,51,1.96%,19.25
https://crazzycars.pk/cars/suzuki-swift-2025-present,1,51,1.96%,34.88
https://crazzycars.pk/honda-civic-reborn-ducktail-spoiler,1,48,2.08%,15.73
https://crazzycars.pk/products,1,45,2.22%,28.13
https://crazzycars.pk/cars/toyota-aqua-2012-present,1,44,2.27%,26.93
https://crazzycars.pk/categories/exterior,1,43,2.33%,30.65
https://crazzycars.pk/collections/toyota-vitz-accessories-shop-online-crazzycars-pk,1,41,2.44%,22.83
https://crazzycars.pk/collections/car-spoilers-diffusers,1,39,2.56%,34.38
https://crazzycars.pk/categories/sos-flasher-led-lights,1,37,2.7%,10.81
https://crazzycars.pk/honda-city-2009-2020-sequential-side-mirror-indicators,1,34,2.94%,13.24
https://crazzycars.pk/pages/faq,1,32,3.12%,3.81
https://crazzycars.pk/categories/carbon-fiber-accessories,1,31,3.23%,8.52
https://crazzycars.pk/products/funny-window-hand-gesture-led-light,1,31,3.23%,14.58
https://crazzycars.pk/suzuki-alto-660cc-lava-style-smoke-tail-lights-rear-lamps-pair,1,31,3.23%,21.1
https://crazzycars.pk/blogs/batman-style-side-mirror-covers-pakistan-fitment-guide,1,30,3.33%,8.2
https://crazzycars.pk/blogs/news/how-to-install-batman-style-side-mirror-covers-step-by-step-guide,1,28,3.57%,4.89
https://crazzycars.pk/products/grill-led-police-light-red-blue,1,28,3.57%,9.39
https://crazzycars.pk/cars/toyota-vitz-2012-present,1,28,3.57%,35.96
https://crazzycars.pk/products/batman-style-side-mirror-cover-toyota-vitz-2010-present-crazzycars-pk,1,27,3.7%,8.3
https://crazzycars.pk/products/car-rear-bumper-splitter-simple-universal,1,27,3.7%,10.85
https://crazzycars.pk/collections/air-freshner-and-decoration,1,27,3.7%,23.89
https://crazzycars.pk/toyota-corolla-2022-2024-sports-body-kit,1,25,4%,7.68
https://crazzycars.pk/products/dynamic-car-underglow-lights,1,25,4%,25.4
https://crazzycars.pk/honda-civic-x-2016-2021-carbon-fiber-central-control-gear-shift-panel-trim-cover,1,24,4.17%,4.21
https://crazzycars.pk/toyota-aqua-2016-2019-trd-sportivo-body-kit,1,24,4.17%,6.46
https://crazzycars.pk/honda-city-2021-2026-carbon-fiber-steering-wheel-paddle-shifters-pair,1,23,4.35%,5.22
https://crazzycars.pk/products/toyota-corolla-2018-2021-trd-style-body-kit-d7-4pcs-crazzycars-pk,1,23,4.35%,8.61
https://crazzycars.pk/toyota-mark-x-design-x-grille-2005-2009-glossy-black-abs,1,23,4.35%,9
https://crazzycars.pk/honda-city-2020-2026-carbon-window-quarter-covers-abs,1,22,4.55%,6.82
https://crazzycars.pk/batman-style-side-mirror-cover-toyota-yaris-2020-2026,1,21,4.76%,8.1
https://crazzycars.pk/categories/fender-light,1,21,4.76%,11.05
https://crazzycars.pk/products/civic-x-carbon-complete-deal,1,21,4.76%,16.48
https://crazzycars.pk/products/carbon-fiber-steering-wheel-trim-for-honda-civic-11th-gen-2022-2026,1,20,5%,8.05
https://crazzycars.pk/honda-vezel-2013-2018-complete-body-kit-crazzycars-pk,1,20,5%,16.85
https://crazzycars.pk/cars/suzuki-swift-2018-2024,1,20,5%,31.9
https://crazzycars.pk/honda-civic-reborn-2006-2011-body-kit-d3,1,17,5.88%,11.71
https://crazzycars.pk/universal-angel-wings-led-car-light,1,17,5.88%,12.12
https://crazzycars.pk/products/deal-5-complete-body-kit-deal-front-splitter-side-skirts-back-bumper-lip,1,16,6.25%,8.25
https://crazzycars.pk/carbon-fiber-side-mirror-cover-suzuki-swift-2025-present,1,16,6.25%,15.06
https://crazzycars.pk/cars/toyota-passo-2016-2022,1,16,6.25%,24
https://crazzycars.pk/cars/mg-hs-2020-2025,1,16,6.25%,39.31
https://crazzycars.pk/honda-civic-11th-gen-2022-2024-carbon-fiber-dashboard-ac-air-vent-trims,1,15,6.67%,4.53
https://crazzycars.pk/toyota-corolla-x-shark-fin-style-lower-panel-diffuser,1,15,6.67%,4.6
https://crazzycars.pk/products/honda-civic-11th-gen-2022-2026-carbon-fiber-steering-wheel-paddle-shifters-pair-crazzycars-pk,1,14,7.14%,4.71
https://crazzycars.pk/blogs/news/body-kit-price-pakistan-2026-honda-civic-toyota-corolla,1,14,7.14%,6.93
https://crazzycars.pk/honda-civic-rebirth-2012-2016-front-spike-splitter-canard-3pcs,1,14,7.14%,7
https://crazzycars.pk/honda-city-rgb-side-mirror-indicator-led-dynamic-mirror-lights,1,14,7.14%,11.14
https://crazzycars.pk/honda-civic-x-2016-2021-carbon-fiber-ac-vent-trims-full-set,1,14,7.14%,11.21
https://crazzycars.pk/products/honda-city-2008-2014-complete-body-kit-crazzycars-pk,1,14,7.14%,15.57
https://crazzycars.pk/categories/fragrances,1,14,7.14%,28.29
https://crazzycars.pk/products/suzuki-alto-multimedia-steering-control-buttons-with-spiral-cable-glossy-black-crazzycars-pk,1,13,7.69%,6.08
https://crazzycars.pk/products/car-rgb-atmosphere-light-interior-footwell-led-lights-4-pcs,1,13,7.69%,8.46
https://crazzycars.pk/products/toyota-corolla-2014-2026-sequential-side-mirror-indicators,1,13,7.69%,9
https://crazzycars.pk/car-rear-bumper-splitter-cut-style-universal,1,13,7.69%,14.85
https://crazzycars.pk/products/3-color-switchback-fog-led-light-with-flasher-h11-white-yellow-blue-2-pcs,1,12,8.33%,3.83
https://crazzycars.pk/toyota-aqua-2022-2024-sportline-front-splitter-canards-red-black,1,12,8.33%,6
https://crazzycars.pk/hyundai-elantra-hybrid-rear-trunk-slim-style-spoiler-2026-unpainted-abs,1,12,8.33%,10.67
https://crazzycars.pk/reverse-bright-light-bulb-24-smd-led-w16w-t15-4-pack,1,11,9.09%,6.36
https://crazzycars.pk/products/batman-style-side-mirror-cover-toyota-corolla-e170-yaris-aqua-vitz-crazzycars-pk,1,11,9.09%,8.82
https://crazzycars.pk/honda-civic-x-2016-2021-carbon-fiber-steering-multimedia-trims,1,11,9.09%,13.82
https://crazzycars.pk/products/carbon-fiber-hand-stitched-steering-wheel-cover,1,11,9.09%,22.73
https://crazzycars.pk/products/honda-vezel-2013-2018-complete-body-kit-crazzycars-pk,1,11,9.09%,23.55
https://crazzycars.pk/suzuki-alto-carbon-fiber-mirror-covers,1,11,9.09%,23.64
https://crazzycars.pk/honda-civic-x-2016-2021-carbon-fiber-interior-door-panel-trims-4pcs,1,10,10%,5.2
https://crazzycars.pk/golden-lion-car-dashboard-decoration-sculpture,1,10,10%,12.5
https://crazzycars.pk/bright-led-indicator-bulbs-2-pcs,1,10,10%,23.6
https://crazzycars.pk/honda-city-2009-2020-premium-metal-key-cover,1,10,10%,35.9
https://crazzycars.pk/products/toyota-corolla-trd-style-front-grille-gloss-black-abs-crazzycars-pk,1,9,11.11%,4.44
https://crazzycars.pk/toyota-corolla-e140-2009-2013-carbon-door-handle-cover,1,9,11.11%,6.56
https://crazzycars.pk/toyota-corolla-2009-2013-trd-style-front-grill,1,9,11.11%,11.33
https://crazzycars.pk/batman-style-side-mirror-cover-toyota-aqua-2012-present-crazzycars-pk,1,9,11.11%,14.67
https://crazzycars.pk/honda-civic-2022-2025-mugen-style-body-kit-fibreglass,1,9,11.11%,17
https://crazzycars.pk/toyota-corolla-rgb-dynamic-back-bumper-light,1,8,12.5%,4.25
https://crazzycars.pk/toyota-corolla-e140-2009-2012-carbon-side-mirror-cover,1,8,12.5%,5.5
https://crazzycars.pk/toyota-corolla-2008-2014-canadian-style-trunk-spoiler-with-led-light-abs,1,8,12.5%,6
https://crazzycars.pk/products/honda-civic-x-2016-2021-carbon-fiber-interior-door-panel-trims-4pcs-crazzycars-pk,1,8,12.5%,6.88
https://crazzycars.pk/blogs/toyota-yaris-vs-honda-city-best-accessories,1,8,12.5%,7.38
https://crazzycars.pk/shipping-policy,1,8,12.5%,7.38
https://crazzycars.pk/carbon-fiber-hand-stitched-steering-wheel-cover,1,8,12.5%,22.38
https://crazzycars.pk/lion-car-dashboard-perfume-air-freshener-crazzycars,1,8,12.5%,39.5
https://crazzycars.pk/honda-civic-x-2016-2021-carbon-fiber-interior-door-window-switch-covers,1,7,14.29%,6.29
https://crazzycars.pk/honda-civic-x-2016-2021-carbon-fiber-ac-vent-trims,1,7,14.29%,7.71
https://crazzycars.pk/products/toyota-aqua-2016-2019-trd-sportivo-body-kit-crazzycars-pk,1,7,14.29%,13.71
https://crazzycars.pk/honda-civic-reborn-2006-2012-multimedia-steering-wheel-audio-control-buttons-crazzycars-pk,1,7,14.29%,14.71
https://crazzycars.pk/honda-city-2021-2026-tpe-floor-mats-premium,1,7,14.29%,17.29
https://crazzycars.pk/products/honda-civic-reborn-2006-2011-sportline-front-splitter-canards-red-black-crazzycars-pk,1,6,16.67%,7.5
https://crazzycars.pk/mg-logo-seat-belt-clip-2pcs,1,6,16.67%,8.67
https://crazzycars.pk/products/toyota-corolla-2009-2014-rgb-side-mirror-indicator-dragon-style-crazzycars-pk,1,6,16.67%,8.83
https://crazzycars.pk/products/toyota-corolla-2012-2014-body-kit-d4-crazzycars-pk,1,6,16.67%,9.5
https://crazzycars.pk/products/honda-civic-x-2016-2021-carbon-fiber-ac-vent-trims-crazzycars-pk,1,6,16.67%,13.67
https://crazzycars.pk/products/honda-civic-reborn-2006-2012-carbon-window-quarter-covers-pair-1,1,5,20%,5
https://crazzycars.pk/honda-civic-2022-2024-front-spike-splitter-canard-3pcs-abs,1,5,20%,5.2
https://crazzycars.pk/blogs/news/best-car-accessories-for-toyota-corolla-e140-2009-2013-in-pakistan,1,5,20%,6.6
https://crazzycars.pk/blogs/news/best-car-accessories-for-hyundai-elantra-in-pakistan-2024,1,5,20%,7.2
https://crazzycars.pk/honda-civic-11th-gen-2022-2026-carbon-fiber-steering-wheel-paddle-shifters-pair-crazzycars-pk,1,5,20%,7.8
https://crazzycars.pk/toyota-prius-2017-2021-batman-style-side-mirror-covers,1,5,20%,10.6
https://crazzycars.pk/suzuki-liana-velvet-dashboard-mat,1,5,20%,11.4
https://crazzycars.pk/products/honda-civic-reborn-2006-2012-carbon-door-handle-cover-set,1,5,20%,12.8
https://crazzycars.pk/products/universal-crystal-led-gear-knob-touch-activated-premium-car-shifter-crazzycars-pk,1,5,20%,16.6
https://crazzycars.pk/changan-alsvin-premium-metal-key-cover,1,5,20%,41.8
https://crazzycars.pk/products/honda-civic-11th-gen-2022-present-carbon-and-glossy-door-handle-cover-set,1,4,25%,3.5
https://crazzycars.pk/honda-civic-front-bumper-heart-beat-line-drl-2018-2020,1,4,25%,5.5
https://crazzycars.pk/honda-civic-x-2016-2021-carbon-fiber-gear-knob-cover,1,4,25%,6.25
https://crazzycars.pk/products/toyota-corolla-2015-2024-front-spike-splitter-canard-3pcs-crazzycars-pk,1,4,25%,6.75
https://crazzycars.pk/products/honda-civic-x-2016-2021-carbon-fiber-ac-vent-trims-full-set-crazzycars-pk,1,4,25%,7
https://crazzycars.pk/carbon-fiber-door-handle-covers-hyundai-elantra-hybrid-2025-present-4pcs,1,4,25%,7.25
https://crazzycars.pk/products/honda-civic-x-2016-2021-carbon-fiber-steering-wheel-paddle-shifters-pair-crazzycars-pk,1,4,25%,8.25
https://crazzycars.pk/honda-civic-2007-2011-tpe-floor-mats-premium,1,4,25%,8.5
https://crazzycars.pk/universal-crystal-led-gear-knob-touch-activated-premium-car-shifter,1,4,25%,9.5
https://crazzycars.pk/toyota-corolla-2012-2014-eagle-eyes-red-smoke-led-back-lamps,1,4,25%,10.75
https://crazzycars.pk/honda-civic-reborn-2007-2012-forged-carbon-hand-brake-cover-crazzycars-pk,1,4,25%,12.5
https://crazzycars.pk/honda-civic-x-2016-2021-body-kit-d2-crazzycars-pk,1,4,25%,18.25
https://crazzycars.pk/cars/byd-atto3-2025-present,1,4,25%,30.5
https://crazzycars.pk/cars/proton-x70-2020-present,1,4,25%,31.75
https://crazzycars.pk/toyota-corolla-2015-2023-power-window-carbon-fiber-trims-4pcs,1,3,33.33%,5
https://crazzycars.pk/products/universal-car-anti-rust-door-lock-cover-premium-protection-cap-crazzycars-pk,1,3,33.33%,6
https://crazzycars.pk/wooden-serving-tray,1,3,33.33%,7
https://crazzycars.pk/products/carbon-fiber-door-handle-covers-hyundai-elantra-hybrid-2025-present-4pcs,1,3,33.33%,8.67
https://crazzycars.pk/products/honda-civic-x-2016-2021-ativus-style-body-kit-d7-4pcs-crazzycars-pk,1,3,33.33%,9
https://crazzycars.pk/cars/chery-tiggo8pro-2022-present,1,3,33.33%,10.33
https://crazzycars.pk/blogs/quarter-window-louvers-civic-corolla-fitment-pakistan,1,3,33.33%,12.67
https://crazzycars.pk/honda-vezel-2013-2020-tpe-floor-mats-premium,1,3,33.33%,19.67
https://crazzycars.pk/products/honda-civic-reborn-2006-2011-body-kit-d3-crazzycars-pk,1,2,50%,2.5
https://crazzycars.pk/universal-car-anti-rust-door-lock-cover-premium-protection-cap,1,2,50%,3.5
https://crazzycars.pk/products/honda-civic-reborn-2006-2011-carbon-gear-shift-panel-cover-crazzycars-pk,1,2,50%,4
https://crazzycars.pk/products/honda-civic-2022-2024-yofer-style-body-kit-4pcs-fibreglass-crazzycars-pk,1,2,50%,5
https://crazzycars.pk/products/honda-civic-rebirth-2012-2015-carbon-window-quarter-covers-pair,1,2,50%,6.5
https://crazzycars.pk/honda-civic-x-2016-2021-carbon-fiber-armrest-box-cover-3pcs-center-console-panel-trim,1,2,50%,9
https://crazzycars.pk/suzuki-alto-old-velvet-dashboard-mat,1,2,50%,19.5
https://crazzycars.pk/proton-x70-premium-metal-key-cover,1,2,50%,30
https://crazzycars.pk/collections/honda-civic-reborn-2006-2012-accessories?page=2,1,1,100%,6
https://crazzycars.pk/cars/suzuki-alto-old-2000-2012,1,1,100%,7
https://crazzycars.pk/products/honda-civic-rebirth-2012-2015-complete-body-kit-crazzycars-pk,1,1,100%,8
https://crazzycars.pk/cars/toyota-yaris-cross-2020-present,1,1,100%,9
https://crazzycars.pk/toyota-corolla-2015-2024-carbon-fiber-gear-shifter-trim-crazzycars-pk,1,1,100%,10
https://crazzycars.pk/categories/air-press,1,1,100%,17
https://crazzycars.pk/products/honda-civic-reborn-2006-2012-carbon-side-mirror-cover,1,1,100%,25
https://crazzycars.pk/pages/contact-1,0,849,0%,7.65
https://crazzycars.pk/collections/all,0,244,0%,8.89
https://crazzycars.pk/categories/universal-accessories,0,90,0%,20.53
https://crazzycars.pk/toyota-corolla-2015-2026-rs-style-trunk-spoiler-abs,0,78,0%,13.5
https://crazzycars.pk/toyota-corolla-x-2017-2020-front-bumper-replacement,0,76,0%,33.97
https://crazzycars.pk/collections/universal-car-accessories,0,72,0%,33.15
https://crazzycars.pk/cars/kia-sportage-2019-2024,0,70,0%,31.01
https://crazzycars.pk/cars/changan-alsvin-2021-present,0,67,0%,39.91
https://crazzycars.pk/products/toyota-corolla-gli-xli-2009-2014-multimedia-steering-wheel-audio-control-buttons-crazzycars-pk,0,63,0%,5.25
https://crazzycars.pk/suzuki-alto-multimedia-steering-control-buttons-with-spiral-cable-glossy-black,0,58,0%,8.95
https://crazzycars.pk/cars/toyota-yaris-2020-present,0,54,0%,39.31
https://crazzycars.pk/collections/toyota-yaris-accessories-shop-online-crazzycars-pk,0,50,0%,25.46
https://crazzycars.pk/cars/kia-picanto-2019-present,0,45,0%,36.93
https://crazzycars.pk/about,0,43,0%,5.63
https://crazzycars.pk/categories,0,41,0%,8.56
https://crazzycars.pk/honda-civic-reborn-2007-2013-gr-style-front-grille-black,0,40,0%,17.8
https://crazzycars.pk/cars/suzuki-wagonr-2014-present,0,40,0%,34.33
https://crazzycars.pk/cars/honda-city-2021-present,0,38,0%,33.79
https://crazzycars.pk/pages/home,0,37,0%,6.43
https://crazzycars.pk/products/sos-police-strip-light-red-blue,0,37,0%,11.05
https://crazzycars.pk/cars/honda-brv-2017-present,0,37,0%,32.08
https://crazzycars.pk/products/car-front-bumper-splitter-abs-plastic-3pcs,0,36,0%,6.56
https://crazzycars.pk/products/toyota-corolla-2015-2022-batman-style-side-mirror-cover,0,35,0%,4.31
https://crazzycars.pk/toyota-corolla-gli-xli-2009-2014-multimedia-steering-wheel-audio-control-buttons-crazzycars-pk,0,35,0%,5.89
https://crazzycars.pk/categories/spoilers-diffusers,0,35,0%,26.91
https://crazzycars.pk/products/batman-style-side-mirror-cover-toyota-aqua-2012-present-crazzycars-pk,0,34,0%,8.68
https://crazzycars.pk/honda-civic-x-2016-2021-carbon-inner-door-panel-trims-4pcs,0,32,0%,5.09
https://crazzycars.pk/collections,0,32,0%,7.22
https://crazzycars.pk/honda-civic-rebirth-ducktail-spoiler,0,32,0%,18.19
https://crazzycars.pk/collections/suzuki-alto-2020-accessories,0,32,0%,30.66
https://crazzycars.pk/toyota-corolla-2015-2026-roof-spoiler-abs-plastic,0,31,0%,21.29
https://crazzycars.pk/collections/body-kits-extensions,0,31,0%,28.97
https://crazzycars.pk/cars/suzuki-mehran-1989-2019,0,31,0%,35.19
https://crazzycars.pk/collections/honda-civic-accessories,0,30,0%,23.47
https://crazzycars.pk/x-card-car-hanging-air-freshener-perfume,0,29,0%,16.97
https://crazzycars.pk/cars/hyundai-sonata-2020-2024,0,28,0%,13.46
https://crazzycars.pk/honda-civic-x-2016-2021-alien-style-front-grille-gloss-black,0,28,0%,26.39
https://crazzycars.pk/products/suzuki-alto-rs-rear-roof-spoiler-2019-2026,0,27,0%,10.41
https://crazzycars.pk/categories/body-kits-extensions,0,27,0%,25.67
https://crazzycars.pk/toyota-yaris-2020-2026-roof-spoiler-abs-plastic,0,26,0%,8.65
https://crazzycars.pk/honda-civic-reborn-2006-2012-abs-roof-spoiler,0,26,0%,10.12
https://crazzycars.pk/collections/hyundai-sonata-2020-2024-accessories,0,26,0%,15.04
https://crazzycars.pk/categories/interior,0,26,0%,17.31
https://crazzycars.pk/collections/honda-civic-x-2016-2021-accessories-body-kits,0,26,0%,28.69
https://crazzycars.pk/categories/gadgets,0,25,0%,16.6
https://crazzycars.pk/toyota-corolla-2015-2024-front-spike-splitter-canard-3pcs,0,24,0%,6.71
https://crazzycars.pk/products/toyota-corolla-e140-2009-2012-carbon-side-mirror-cover,0,23,0%,2.91
https://crazzycars.pk/products/toyota-yaris-2020-2026-roof-spoiler-abs-plastic-crazzycars-pk,0,22,0%,5.18
https://crazzycars.pk/products/honda-civic-11th-gen-rs-style-trunk-spoiler-2022-present,0,22,0%,9
https://crazzycars.pk/honda-city-2008-2014-complete-body-kit-crazzycars-pk,0,22,0%,13.73
https://crazzycars.pk/categories/air-freshener-decoration,0,22,0%,19.73
https://crazzycars.pk/honda-civic-x-2016-2021-sports-body-kit-complete,0,22,0%,21.23
https://crazzycars.pk/categories/front-grilles,0,22,0%,25.36
https://crazzycars.pk/toyota-corolla-2009-2014-rgb-side-mirror-indicator-dragon-style,0,21,0%,6.29
https://crazzycars.pk/products/car-rear-bumper-splitter-cut-style-universal,0,21,0%,13.05
https://crazzycars.pk/collections/haval-h6-accessories-crazzycars-pk,0,21,0%,27.9
https://crazzycars.pk/suzuki-alto-rs-rear-roof-spoiler-2019-2026,0,21,0%,28.67
https://crazzycars.pk/categories/sun-shades,0,21,0%,32.48
https://crazzycars.pk/contact,0,20,0%,7.65
https://crazzycars.pk/toyota-corolla-2015-2026-led-side-mirror-neon-indicator-pair,0,20,0%,7.95
https://crazzycars.pk/collections/multimedia-steering-controls,0,20,0%,14.7
https://crazzycars.pk/account/login,0,20,0%,21.5
https://crazzycars.pk/products/toyota-corolla-x-2017-2020-front-bumper-replacement-crazzycars-pk,0,20,0%,26.9
https://crazzycars.pk/cars/suzuki-cultus-2017-present,0,20,0%,32.65
https://crazzycars.pk/toyota-corolla-2015-2017-body-kit-d3-crazzycars-pk,0,19,0%,6.42
https://crazzycars.pk/products/toyota-corolla-2009-2011-body-kit-d1-crazzycars-pk,0,19,0%,7.63
https://crazzycars.pk/suzuki-swift-2022-2025-carbon-fiber-door-handles-cover,0,19,0%,7.68
https://crazzycars.pk/collections/best-car-accessories-deals,0,19,0%,8.68
https://crazzycars.pk/honda-civic-reborn-2007-front-rear-body-kit-with-side-skirts,0,19,0%,9
https://crazzycars.pk/honda-civic-x-2016-2021-rear-canard-2pcs,0,19,0%,9.37
https://crazzycars.pk/blogs/best-floor-mats-pakistani-weather-guide,0,19,0%,12.32
https://crazzycars.pk/toyota-corolla-trd-style-front-grille-gloss-black-abs,0,18,0%,6.17
https://crazzycars.pk/honda-civic-x-2016-2021-carbon-fiber-gear-shift-lever-knob-cover-trim-3pc,0,18,0%,6.94
https://crazzycars.pk/blogs/news/honda-civic-reborn-vs-rebirth-which-accessories-fit-which-model,0,18,0%,7.61
https://crazzycars.pk/products/honda-city-2021-2025-modulo-style-body-kit-fibreglass-crazzycars-pk,0,18,0%,23.89
https://crazzycars.pk/categories/makeup-pouches,0,18,0%,43.56
https://crazzycars.pk/toyota-aqua-2016-2019-front-body-kit-fibreglass-crazzycars-pk,0,17,0%,3.82
https://crazzycars.pk/privacy-policy,0,17,0%,6.06
https://crazzycars.pk/car-side-splitter-abs-plastic-4pcs,0,17,0%,8.29
https://crazzycars.pk/categories/door-handle-covers,0,17,0%,9.71
https://crazzycars.pk/categories/rear-reflectors,0,17,0%,9.76
https://crazzycars.pk/products/x-card-car-hanging-air-freshener-perfume-crazzycars-pk,0,17,0%,11.18
https://crazzycars.pk/universal-amber-grill-lights-4pcs,0,17,0%,15.76
https://crazzycars.pk/categories/backlights-tail-lamps,0,17,0%,18.65
https://crazzycars.pk/categories/dashboard-mats,0,17,0%,18.71
https://crazzycars.pk/products/toyota-corolla-2018-2021-body-kit-d2-crazzycars-pk,0,17,0%,22.41
https://crazzycars.pk/toyota-yaris-2020-2026-trunk-lip-spoiler-abs-plastic-crazzycars-pk,0,16,0%,4.88
https://crazzycars.pk/products/toyota-corolla-x-shark-fin-style-lower-panel-diffuser,0,16,0%,6.69
https://crazzycars.pk/products/honda-civic-x-rs-style-trunk-spoiler-2016-2021,0,16,0%,18.5
https://crazzycars.pk/honda-civic-x-batman-style-side-mirror-cover,0,16,0%,21.12
https://crazzycars.pk/honda-city-2012-2016-carbon-fiber-side-mirror-cover,0,16,0%,23.19
https://crazzycars.pk/cars/toyota-hilux-revo-2016-present,0,16,0%,39.69
https://crazzycars.pk/categories/car-care-cleaning,0,16,0%,53.25
https://crazzycars.pk/bright-led-indicator-bulbs-2-pcs-crazzycars-pk,0,15,0%,14.4
https://crazzycars.pk/car-dashboard-ambient-light-strip-premium-2pcs,0,15,0%,25.87
https://crazzycars.pk/car-bonnet-hood-spacer-aluminum-2-pcs,0,14,0%,4.93
https://crazzycars.pk/toyota-corolla-2015-2024-carbon-fiber-gear-shifter-trim,0,14,0%,5.14
https://crazzycars.pk/products/toyota-corolla-2015-2026-trd-style-trunk-spoiler,0,14,0%,8.57
https://crazzycars.pk/honda-civic-x-2016-2021-carbon-fiber-steering-wheel-paddle-shifters-pair,0,14,0%,8.64
https://crazzycars.pk/kia-sportage-batman-style-side-mirror-covers,0,14,0%,8.86
https://crazzycars.pk/universal-car-eyes-spoiler-with-running-brake-led-lights-3pcs,0,14,0%,9.43
https://crazzycars.pk/honda-civic-11th-gen-rs-style-trunk-spoiler-2022-present,0,14,0%,11.14
https://crazzycars.pk/cars/hyundai-tucson-2020-2024,0,14,0%,36.79
https://crazzycars.pk/products/toyota-corolla-2015-2024-carbon-fiber-gear-shifter-trim-crazzycars-pk,0,13,0%,3.92
https://crazzycars.pk/blogs/news/best-suzuki-alto-accessories-in-pakistan-complete-upgrade-guide,0,13,0%,7
https://crazzycars.pk/products/honda-civic-rebirth-ducktail-spoiler,0,13,0%,8.92
https://crazzycars.pk/products/honda-civic-x-2016-2021-carbon-fiber-gear-knob-cover-crazzycars-pk,0,13,0%,9.46
https://crazzycars.pk/car-decoration-solar-powered-aeroplane,0,13,0%,11.69
https://crazzycars.pk/honda-civic-rebirth-front-mesh-grille-2014-2016-black-fiberglass,0,13,0%,13.69
https://crazzycars.pk/collections/car-exhaust-systems-tips,0,13,0%,26.85
https://crazzycars.pk/pages/about,0,12,0%,1.67
https://crazzycars.pk/honda-carbon-steering-monogram-logo-emblem,0,12,0%,3.08
https://crazzycars.pk/shop?page=5,0,12,0%,3.75
https://crazzycars.pk/returns-policy,0,12,0%,4.92
https://crazzycars.pk/honda-city-2010-2020-trunk-lip-spoiler-mugen-style,0,12,0%,6
https://crazzycars.pk/faq,0,12,0%,6.08
https://crazzycars.pk/toyota-corolla-2018-2021-body-kit-d1,0,12,0%,6.08
https://crazzycars.pk/toyota-mark-x-front-bumper-drl-cover-oem-fitting-drl-515,0,12,0%,7
https://crazzycars.pk/products/honda-civic-rebirth-2012-2016-front-spike-splitter-canard-3pcs-crazzycars-pk,0,12,0%,9.08
https://crazzycars.pk/toyota-corolla-grande-2014-2018-carbon-fiber-steering-wheel-paddle-shifters-pair-crazzycars-pk,0,12,0%,9.42
https://crazzycars.pk/categories/car-care-safety,0,12,0%,18.17
https://crazzycars.pk/blogs,0,12,0%,18.92
https://crazzycars.pk/products/toyota-corolla-2012-2014-body-kit-d7-crazzycars-pk,0,12,0%,20.17
https://crazzycars.pk/car-modified-stainless-steel-exhaust-tip,0,12,0%,34.75
https://crazzycars.pk/collections/all?page=7,0,11,0%,1.45
https://crazzycars.pk/toyota-yaris-cross-batman-style-side-mirror-cover,0,11,0%,4.36
https://crazzycars.pk/honda-civic-11th-gen-2022-present-carbon-and-glossy-door-handle-cover-set,0,11,0%,6.09
https://crazzycars.pk/products/2pcs-front-bumper-lip-splitter-chin-spoiler-for-honda-civic-11th-gen-2022-2026-gloss-black,0,11,0%,6.09
https://crazzycars.pk/side-skirts-red-lip-abs-plastic-side-skirt-kit-4-pcs-copy,0,11,0%,6.09
https://crazzycars.pk/products/suzuki-alto-carbon-fiber-mirror-covers,0,11,0%,6.45
https://crazzycars.pk/toyota-corolla-2015-door-handle-covers-carbon-fiber-glossy-black,0,11,0%,8.73
https://crazzycars.pk/hyundai-elantra-2023-2026-sporty-style-body-kit-fibreglass-crazzycars-pk,0,11,0%,9.27
https://crazzycars.pk/toyota-fortuner-2020-2026-tpe-floor-mats-premium,0,11,0%,9.45
https://crazzycars.pk/toyota-corolla-2009-2013-ducktail-trunk-spoiler,0,11,0%,10.09
https://crazzycars.pk/collections/led-headlights-bulbs,0,11,0%,10.36
https://crazzycars.pk/car-front-bumper-splitter-abs-plastic-4pcs,0,11,0%,11.09
https://crazzycars.pk/honda-civic-reborn-2006-2012-abs-plastic-roof-spoiler,0,11,0%,11.82
https://crazzycars.pk/toyota-corolla-2012-2014-black-canadian-style-front-grille,0,11,0%,13.91
https://crazzycars.pk/toyota-corolla-2015-2017-complete-body-kit-d1,0,11,0%,19.27
https://crazzycars.pk/toyota-corolla-tail-lights-new-version-2015-2026,0,11,0%,23.73
https://crazzycars.pk/products/honda-civic-x-2016-2021-alien-style-front-grille-gloss-black-crazzycars-pk,0,11,0%,28.55
https://crazzycars.pk/toyota-corolla-x-2017-2020-front-bumper-replacement-crazzycars-pk,0,11,0%,32.55
https://crazzycars.pk/honda-civic-x-2016-2021-alien-style-front-grille-gloss-black-crazzycars-pk,0,11,0%,33.55
https://crazzycars.pk/cars/toyota-fortuner-2020-present,0,11,0%,39.45
https://crazzycars.pk/categories/travel-toiletry-bags,0,11,0%,50.36
https://crazzycars.pk/pages/why-crazzycars-pk,0,10,0%,1.6
https://crazzycars.pk/deal-5-complete-body-kit-deal-front-splitter-side-skirts-back-bumper-lip,0,10,0%,4.5
https://crazzycars.pk/suzuki-cultus-2017-2026-tpe-floor-mats-premium,0,10,0%,6
https://crazzycars.pk/products/car-dashboard-ambient-light-strip-premium-2pcs,0,10,0%,8.3
https://crazzycars.pk/products/toyota-aqua-2020-2022-rear-body-kit-fibreglass-crazzycars-pk,0,10,0%,8.4
https://crazzycars.pk/changan-alsvin-trunk-lip-spoiler,0,10,0%,9.2
https://crazzycars.pk/honda-civic-reborn-2006-2011-sportline-front-splitter-canards-red-black,0,10,0%,9.3
https://crazzycars.pk/blogs/dash-cameras-pakistan-why-every-driver-needs-one,0,10,0%,10.8
https://crazzycars.pk/toyota-corolla-2015-2023-ducktail-trunk-spoiler-abs-unpainted,0,10,0%,10.9
https://crazzycars.pk/toyota-corolla-2008-2013-tpe-floor-mats-premium,0,10,0%,11.1
https://crazzycars.pk/carbon-fiber-steering-wheel-trim-for-honda-civic-11th-gen-2022-2026,0,10,0%,12.5
https://crazzycars.pk/premium-dynamic-ambient-interior-lights,0,10,0%,12.6
https://crazzycars.pk/honda-civic-reborn-2006-2012-carbon-side-mirror-cover,0,10,0%,19.5
https://crazzycars.pk/cars/changan-oshanx7-2022-present,0,10,0%,30.1
https://crazzycars.pk/double-cylinder-air-compressor-pump,0,10,0%,34
https://www.crazzycars.pk/categories/seat-covers,0,10,0%,40.7
https://crazzycars.pk/pages/about-us-crazzycars-pk,0,9,0%,3.67
https://crazzycars.pk/honda-city-2012-2016-carbon-window-quarter-covers-pair,0,9,0%,3.89
https://crazzycars.pk/products/toyota-corolla-2008-2014-canadian-style-trunk-spoiler-with-led-light-abs-crazzycars-pk,0,9,0%,4.56
https://crazzycars.pk/usb-car-roof-star-night-light-galaxy-projector,0,9,0%,4.56
https://crazzycars.pk/carbon-fiber-side-mirror-cover-hyundai-sonata-2020-2024,0,9,0%,5.67
https://crazzycars.pk/products/golden-lion-car-dashboard-decoration-sculpture-crazzycars-pk?variant=43123268616251&country=PK&currency=PKR,0,9,0%,8.11
https://crazzycars.pk/products/honda-civic-2022-2024-front-spike-style-splitter-abs-crazzycars-pk,0,9,0%,8.67
https://crazzycars.pk/toyota-mark-x-trd-style-body-kit-2004-2009-unpainted-fiberglass,0,9,0%,8.89
https://crazzycars.pk/honda-civic-x-2016-2021-side-splitter-abs,0,9,0%,9.44
https://crazzycars.pk/honda-civic-front-bumper-elegant-drl-2022-2024,0,9,0%,10
https://crazzycars.pk/collections/honda-city-2016-accessories-body-kits,0,9,0%,11.44
https://crazzycars.pk/honda-civic-x-2016-2021-rear-bumper-diffuser-gloss-black-led,0,9,0%,12.67
https://crazzycars.pk/products/honda-civic-2022-2025-mugen-style-body-kit-fibreglass-crazzycars-pk,0,9,0%,14.11
https://crazzycars.pk/products/honda-civic-2022-2024-yofer-style-body-kit-4pcs-abs-crazzycars-pk,0,9,0%,16.78
https://crazzycars.pk/deal-4-toyota-corolla-15-26,0,9,0%,18.11
https://crazzycars.pk/categories/floor-mats,0,9,0%,18.22
https://crazzycars.pk/toyota-corolla-2012-2014-body-kit-d3-crazzycars-pk,0,9,0%,19.11
https://crazzycars.pk/universal-rear-bumper-diffuser-carbon-fiber-d2-style-2pcs,0,9,0%,31.67
https://crazzycars.pk/products/universal-3-piece-front-bumper-splitter-ground-style-abs-crazzycars-pk,0,8,0%,7.12
https://crazzycars.pk/toyota-yaris-2020-2026-window-quarter-louver-covers-gloss-black,0,8,0%,7.12
https://crazzycars.pk/honda-brv-batman-style-side-mirror-cover,0,8,0%,8.25
https://crazzycars.pk/toyota-corolla-2015-2026-rgb-side-style,0,8,0%,8.38
https://crazzycars.pk/honda-city-2021-2026-carbon-fiber-steering-trim,0,8,0%,8.5
https://crazzycars.pk/blogs/news/best-car-accessories-for-honda-city-in-pakistan-2024,0,8,0%,8.75
https://crazzycars.pk/suzuki-swift-2022-2026-velvet-dashboard-mat,0,8,0%,11.25
https://crazzycars.pk/toyota-yaris-2020-2026-tpe-floor-mats-premium,0,8,0%,11.38
https://crazzycars.pk/products/universal-angel-wings-led-car-light,0,8,0%,13.88
https://crazzycars.pk/categories/exhaust-systems-tips,0,8,0%,14
https://crazzycars.pk/toyota-corolla-2012-2014-body-kit-d3,0,8,0%,18.12
https://crazzycars.pk/products/suzuki-alto-660cc-lava-style-smoke-tail-lights-rear-lamps-pair-crazzycars-pk,0,8,0%,22.38
https://crazzycars.pk/suzuki-alto-660cc-lava-style-smoke-tail-lights-rear-lamps-pair-crazzycars-pk,0,8,0%,23.25
https://crazzycars.pk/categories/utility,0,8,0%,24.25
https://crazzycars.pk/universal-premium-exhaust-cut-off-kit,0,8,0%,25.38
https://www.crazzycars.pk/toyota-corolla-nike-style-2-projector-headlights-2012-2014,0,8,0%,27
https://crazzycars.pk/categories/jump-starters-booster-cables,0,8,0%,40.75
https://www.crazzycars.pk/cars/toyota-mark-x-2009-2022,0,8,0%,41.62
https://crazzycars.pk/toyota-corolla-rgb-side-style-and-back-bumper-light,0,7,0%,3.29
https://crazzycars.pk/pages/terms-of-service,0,7,0%,4.71
https://crazzycars.pk/products/reverse-bright-light-bulb-24-smd-led-w16w-t15-crazzycars-pk,0,7,0%,4.86
https://crazzycars.pk/honda-civic-11th-gen-2022-2024-carbon-fiber-center-console-gear-box-panel,0,7,0%,5.43
https://crazzycars.pk/honda-city-2021-2025-drive-68-style-body-kit-fibreglass-crazzycars-pk,0,7,0%,5.86
https://crazzycars.pk/products/honda-civic-11th-gen-2022-2024-carbon-fiber-rear-armrest-air-vent-outlet-cover-trim-crazzycars-pk,0,7,0%,7.43
https://crazzycars.pk/blogs/best-body-kit-styles-toyota-corolla-pakistan,0,7,0%,8.71
https://crazzycars.pk/blogs/news/best-car-accessories-online-pakistan-2026-complete-guide,0,7,0%,8.71
https://crazzycars.pk/honda-civic-x-2016-2021-carbon-fiber-armrest-box-cover-3pcs-center-console-panel-trim-crazzycars-pk,0,7,0%,8.86
https://crazzycars.pk/toyota-aqua-2020-2022-rear-body-kit-fibreglass-crazzycars-pk,0,7,0%,9.86
https://crazzycars.pk/products/car-front-bumper-splitter-abs-plastic-4pcs,0,7,0%,10
https://crazzycars.pk/products/lion-car-dashboard-perfume-air-freshener-crazzycars,0,7,0%,12.43
https://crazzycars.pk/products/honda-civic-reborn-2007-2012-forged-carbon-hand-brake-cover-crazzycars-pk,0,7,0%,12.57
https://crazzycars.pk/hand-sewing-top-alcantara-suede-with-glossy-carbon-fiber-steering-wheel-cover,0,7,0%,15.43
https://crazzycars.pk/toyota-corolla-2015-2017-body-kit-d3,0,7,0%,17.57
https://crazzycars.pk/collections/car-emergency-safety-products,0,7,0%,18.86
https://crazzycars.pk/toyota-corolla-2012-2014-body-kit-d5,0,7,0%,22.86
https://crazzycars.pk/products/suzuki-alto-2018-2023-multimedia-steering-wheel-audio-control-buttons-panel-crazzycars-pk,0,7,0%,23
https://crazzycars.pk/products/toyota-corolla-2022-2024-sports-body-kit-crazzycars-pk,0,7,0%,28.14
https://crazzycars.pk/honda-civic-2022-2024-yofer-style-body-kit-4pcs-fibreglass,0,7,0%,33.57
https://www.crazzycars.pk/cars/suzuki-swift-2018-2024,0,7,0%,35.86
https://crazzycars.pk/honda-civic-x-2016-2021-carbon-door-handle-cover-full-set,0,6,0%,1.83
https://crazzycars.pk/collections/body-kits-extensions?page=2,0,6,0%,2.83
https://crazzycars.pk/toyota-corolla-carbon-fiber-gear-knob-cover-2014-2026,0,6,0%,3.33
https://crazzycars.pk/products/toyota-corolla-2015-2026-rgb-side-mirror-indicator-dragon-style-crazzycars-pk,0,6,0%,5
https://crazzycars.pk/deal-3-toyota-corolla-15-26,0,6,0%,5.17
https://crazzycars.pk/toyota-mark-x-front-bumper-drl-cover-arrow-shape-drl-514,0,6,0%,5.5
https://crazzycars.pk/blogs/news/top-10-car-accessories-for-toyota-corolla-in-pakistan-2024,0,6,0%,5.67
https://crazzycars.pk/categories/head-lights,0,6,0%,5.83
https://crazzycars.pk/products/corolla-e210-grande-led-rear-reflector,0,6,0%,5.83
https://crazzycars.pk/toyota-corolla-2012-2014-complete-body-kit-d1-crazzycars-pk,0,6,0%,6.33
https://crazzycars.pk/honda-civic-eyebrow-headlight-in-pair-2018-2021,0,6,0%,6.5
https://crazzycars.pk/products/toyota-corolla-2009-2013-ducktail-trunk-spoiler,0,6,0%,7.5
https://crazzycars.pk/suzuki-swift-2022-2026-tpe-floor-mats-premium,0,6,0%,7.67
https://crazzycars.pk/products/honda-civic-11th-gen-2022-2024-carbon-fiber-center-console-gear-box-panel-crazzycars-pk,0,6,0%,8.33
https://crazzycars.pk/batman-style-side-mirror-cover-toyota-vitz-2010-present-crazzycars-pk,0,6,0%,8.5
https://crazzycars.pk/blogs/news/brembo-caliper-covers-pakistan-review-2026,0,6,0%,8.83
https://crazzycars.pk/honda-civic-side-markers-fender-indicator-lights-2016-2021,0,6,0%,9
https://crazzycars.pk/products/honda-civic-x-2016-2021-carbon-fiber-armrest-box-cover-3pcs-center-console-panel-trim-crazzycars-pk,0,6,0%,10.17
https://crazzycars.pk/products/honda-civic-x-side-window-quarter-louver-covers-black,0,6,0%,10.17
https://crazzycars.pk/products/deal-3-toyota-corolla-15-26,0,6,0%,11
https://crazzycars.pk/products/suzuki-swift-2022-2024-rs-style-body-kit-fibreglass-crazzycars-pk,0,6,0%,11
https://crazzycars.pk/x-card-car-hanging-air-freshener-perfume-crazzycars-pk,0,6,0%,11.33
https://crazzycars.pk/products/honda-civic-11th-gen-2022-2024-carbon-fiber-dashboard-ac-air-vent-trims-crazzycars-pk,0,6,0%,12.67
https://crazzycars.pk/toyota-yaris-2020-2021-complete-body-kit,0,6,0%,13.83
https://crazzycars.pk/cars/toyota-corolla-cross-2020-present,0,6,0%,16.17
https://crazzycars.pk/blogs/exhaust-tips-systems-sound-performance,0,6,0%,17.5
https://crazzycars.pk/honda-civic-type-r-side-markers-fender-indicator-lights-2016-2021,0,6,0%,18
https://crazzycars.pk/suzuki-alto-2018-2023-multimedia-steering-wheel-audio-control-buttons-panel-crazzycars-pk,0,6,0%,21.67
https://crazzycars.pk/blogs/how-to-choose-right-front-grille,0,6,0%,41.5
https://crazzycars.pk/honda-vezel-2013-2018-pvc-trunk-mat,0,5,0%,2
https://crazzycars.pk/products/2-pcs-set-alto-660cc-audi-style-side-fender-indicator-in-smoke-color,0,5,0%,5.4
https://crazzycars.pk/products/golden-lion-car-dashboard-decoration-sculpture-crazzycars-pk,0,5,0%,5.4
https://crazzycars.pk/blogs/honda-civic-11th-gen-carbon-fiber-interior-kit-pakistan-guide,0,5,0%,5.8
https://crazzycars.pk/toyota-corolla-2022-2024-sports-body-kit-crazzycars-pk,0,5,0%,6.4
https://crazzycars.pk/products/honda-civic-x-2016-2021-rear-canard-2pcs-crazzycars-pk,0,5,0%,6.8
https://crazzycars.pk/blogs/news/best-car-accessories-for-suzuki-swift-2025-in-pakistan,0,5,0%,7.2
https://crazzycars.pk/cars/toyota-corolla-e140-2009-2014?page=2,0,5,0%,7.6
https://crazzycars.pk/products/toyota-corolla-2015-door-handle-covers-carbon-fiber-glossy-black,0,5,0%,7.6
https://crazzycars.pk/honda-civic-reborn-2007-front-rear-body-kit-with-side-skirts-crazzycars-pk,0,5,0%,7.8
https://crazzycars.pk/blogs/led-ambient-lighting-car-buyer-guide,0,5,0%,8
https://crazzycars.pk/toyota-aqua-2012-2015-complete-body-kit-crazzycars-pk,0,5,0%,8.2
https://crazzycars.pk/collections/honda-city-2016-accessories-body-kits?page=2,0,5,0%,8.4
https://crazzycars.pk/products/toyota-corolla-2015-2026-side-window-louver-covers-black,0,5,0%,8.6
https://crazzycars.pk/universal-carbon-fiber-steering-wheel-cover-trims-anti-slip-2pcs-crazzycars-pk,0,5,0%,9
https://crazzycars.pk/car-grill-white-flashers-strobe-led-4pcs,0,5,0%,9.6
https://crazzycars.pk/carbon-fiber-side-mirror-cover-hyundai-elantra-hybrid-2025-present,0,5,0%,9.6
https://crazzycars.pk/products/universal-amber-grill-lights-4pcs,0,5,0%,9.8
https://crazzycars.pk/categories/fog-lamps-drl-covers,0,5,0%,10
https://crazzycars.pk/toyota-corolla-2012-2014-black-canadian-style-front-grille-crazzycars-pk,0,5,0%,11.8
https://crazzycars.pk/universal-led-matrix-panel,0,5,0%,11.8
https://crazzycars.pk/universal-led-flash-lights-cd-076,0,5,0%,12
https://crazzycars.pk/products/universal-hand-sewing-top-alcantara-steering-wheel-cover-1-pc-black,0,5,0%,18.8
https://crazzycars.pk/suzuki-alto-2018-2023-multimedia-steering-wheel-audio-control-buttons-panel,0,5,0%,19.6
https://crazzycars.pk/cars/toyota-corolla-e120-2002-2008,0,5,0%,20.6
https://crazzycars.pk/honda-city-2022-batman-style-side-mirror-covers,0,5,0%,20.6
https://crazzycars.pk/products/honda-city-2022-batman-style-side-mirror-covers,0,5,0%,20.6
https://crazzycars.pk/cars/1-genx120,0,5,0%,22
https://crazzycars.pk/products/toyota-corolla-2015-2017-body-kit-d3-crazzycars-pk,0,5,0%,24.8
https://crazzycars.pk/blogs/side-mirror-covers-carbon-fiber-accents-guide,0,5,0%,26.8
https://crazzycars.pk/honda-civic-x-2016-2021-carbon-fiber-gear-shift-lever-knob-cover-trim-3pc-crazzycars-pk,0,5,0%,28.2
https://crazzycars.pk/honda-city-2009-2021-multimedia-steering-wheel-buttons-crazzycars-pk,0,5,0%,29.8
https://crazzycars.pk/categories/key-covers-key-chains,0,5,0%,48.6
https://crazzycars.pk/terms-conditions,0,4,0%,2.5
https://crazzycars.pk/categories/exterior?page=2,0,4,0%,3
https://crazzycars.pk/corolla-e170-led-rear-reflector,0,4,0%,3.75
https://crazzycars.pk/suzuki-swift-2022-2024-rs-style-body-kit-fibreglass-crazzycars-pk,0,4,0%,3.75
https://crazzycars.pk/honda-civic-x-2016-2021-ativus-style-body-kit-d3,0,4,0%,4.5
https://crazzycars.pk/collections/body-kits-extensions?page=3,0,4,0%,4.75
https://crazzycars.pk/honda-vezel-2013-2018-rear-bumper-brake-lamp,0,4,0%,5
https://crazzycars.pk/about-us,0,4,0%,5.25
https://crazzycars.pk/blogs/news/top-5-car-modifications-under-pkr-5000-in-pakistan-2024,0,4,0%,5.25
https://crazzycars.pk/products/deal-4-toyota-corolla-15-26,0,4,0%,5.5
https://crazzycars.pk/products/carbon-fiber-side-mirror-cover-hyundai-elantra-hybrid-2025-present,0,4,0%,6.5
https://crazzycars.pk/toyota-corolla-2012-2014-body-kit-d6-crazzycars-pk,0,4,0%,6.5
https://crazzycars.pk/toyota-corolla-e140-2009-2012-carbon-window-quarter-covers,0,4,0%,6.5
https://crazzycars.pk/cars/byd-shark6-2025-present,0,4,0%,6.75
https://crazzycars.pk/products/carbon-fiber-dashboard-trim-for-honda-civic-11th-gen-2022-2026,0,4,0%,6.75
https://crazzycars.pk/blogs/news,0,4,0%,7
https://crazzycars.pk/products/honda-civic-reborn-2007-front-rear-body-kit-with-side-skirts-crazzycars-pk,0,4,0%,7
https://crazzycars.pk/blogs/news/best-honda-city-accessories-in-pakistan-complete-upgrade-guide,0,4,0%,7.25
https://crazzycars.pk/toyota-corolla-2017-21-grill-with-led,0,4,0%,7.25
https://crazzycars.pk/products/car-interior-ambient-lights-5-point-dashboard-doors,0,4,0%,7.5
https://crazzycars.pk/blogs/crazzycars-delivery-charges-regular-vs-bulky-pakistan,0,4,0%,8
https://crazzycars.pk/honda-civic-x-2016-2021-carbon-fiber-front-dashboard-trims-3pcs,0,4,0%,8.5
https://crazzycars.pk/collections/honda-civic-x-2016-2021-accessories-body-kits?page=3,0,4,0%,8.75
https://crazzycars.pk/universal-car-digital-eyes-led-panel-lights,0,4,0%,9
https://crazzycars.pk/universal-car-led-reflector-bumper-side-marker-light,0,4,0%,9
https://crazzycars.pk/products/toyota-corolla-2015-2023-ducktail-trunk-spoiler-abs-unpainted-crazzycars-pk,0,4,0%,9.25
https://crazzycars.pk/honda-civic-2022-2026-tpe-floor-mats-premium,0,4,0%,9.75
https://crazzycars.pk/haval-h6-2021-present-carbon-door-handle-cover-abs,0,4,0%,11.5
https://crazzycars.pk/chery-tiggo-4-pro-premium-metal-key-cover,0,4,0%,11.75
https://crazzycars.pk/honda-civic-x-2016-2021-body-kit-d1,0,4,0%,11.75
https://crazzycars.pk/baic-bj40-premium-metal-key-cover,0,4,0%,12
https://crazzycars.pk/haval-h6-2023-2026-tpe-floor-mats-premium,0,4,0%,13
https://crazzycars.pk/deal-2-toyota-corolla-15-26,0,4,0%,13.25
https://crazzycars.pk/toyota-corolla-2009-2011-body-kit-d1,0,4,0%,14.5
https://crazzycars.pk/honda-city-2021-2026-velvet-dashboard-mat,0,4,0%,14.75
https://crazzycars.pk/golden-lion-car-dashboard-decoration-sculpture-crazzycars-pk,0,4,0%,15
https://crazzycars.pk/honda-civic-x-2016-2021-carbon-steering-trim-cover,0,4,0%,16
https://crazzycars.pk/toyota-yaris-2020-2026-roof-spoiler-abs-plastic-crazzycars-pk,0,4,0%,17.75
https://crazzycars.pk/categories/interior?page=2,0,4,0%,19
https://crazzycars.pk/products/honda-civic-reborn-2007-2013-gr-style-front-grille-black-crazzycars-pk,0,4,0%,20.75
https://crazzycars.pk/cars/honda-civic-x-2016-2021?page=3,0,4,0%,25
https://crazzycars.pk/honda-civic-rebirth-2012-2015-complete-body-kit,0,4,0%,30.25
https://www.crazzycars.pk/cars/baic-bj40-2020-present,0,4,0%,43
https://crazzycars.pk/suzuki-cultus-2017-2026-velvet-dashboard-mat,0,3,0%,2
https://crazzycars.pk/toyota-corolla-2017-2020-led-side-mirror-sequential-indicator-pair-crazzycars-pk,0,3,0%,3
https://crazzycars.pk/categories/body-kits-extensions?page=2,0,3,0%,3.33
https://crazzycars.pk/suzuki-wagonr-cultus-alto-smoke-fender-running-indicators,0,3,0%,3.33
https://crazzycars.pk/honda-civic-rebirth-2012-2015-carbon-window-quarter-covers-pair,0,3,0%,3.67
https://crazzycars.pk/honda-civic-rebirth-2012-2015-carbon-side-mirror-cover-pair,0,3,0%,4.33
https://crazzycars.pk/honda-civic-reborn-2006-2011-carbon-gear-shift-panel-cover-crazzycars-pk,0,3,0%,4.33
https://crazzycars.pk/categories/exterior?page=3,0,3,0%,4.67
https://crazzycars.pk/toyota-corolla-2009-2014-rgb-side-mirror-indicator-dragon-style-crazzycars-pk,0,3,0%,4.67
https://crazzycars.pk/products/toyota-aqua-2022-2024-sportline-front-splitter-canards-red-black-crazzycars-pk,0,3,0%,5
https://crazzycars.pk/reverse-bright-light-bulb-24-smd-led-w16w-t15-crazzycars-pk,0,3,0%,5.33
https://crazzycars.pk/products/honda-civic-x-2016-2021-back-mirror-rack-louver-fibreglass-crazzycars-pk,0,3,0%,5.67
https://crazzycars.pk/toyota-corolla-2012-2014-body-kit-fibreglass,0,3,0%,5.67
https://crazzycars.pk/toyota-corolla-2015-2017-front-splitter-gloss-black-canard-3pcs,0,3,0%,5.67
https://crazzycars.pk/products/honda-city-2015-2021-sports-body-kit-d2-crazzycars-pk,0,3,0%,6.33
https://crazzycars.pk/suzuki-alto-rear-window-louvers,0,3,0%,6.33
https://crazzycars.pk/toyota-corolla-trd-style-front-grille-gloss-black-abs-crazzycars-pk,0,3,0%,6.33
https://crazzycars.pk/products/toyota-yaris-2020-2026-window-quarter-louver-covers-gloss-black-crazzycars-pk,0,3,0%,6.67
https://crazzycars.pk/honda-civic-11th-gen-2022-2024-carbon-fiber-rear-armrest-air-vent-outlet-cover-trim,0,3,0%,7
https://crazzycars.pk/collections/honda-accessories-shop-by-model-crazzycars-pk,0,3,0%,7.33
https://crazzycars.pk/track-order,0,3,0%,7.67
https://crazzycars.pk/honda-city-2021-2026-carbon-fiber-gear-knob,0,3,0%,8
https://crazzycars.pk/honda-civic-x-2016-2021-carbon-fiber-front-dashboard-trims-3pcs-crazzycars-pk,0,3,0%,8.33
https://crazzycars.pk/blogs/honda-civic-accessories-guide-every-generation,0,3,0%,8.67
https://crazzycars.pk/honda-civic-11th-gen-2022-2024-carbon-fiber-dashboard-ac-air-vent-trims-crazzycars-pk,0,3,0%,8.67
https://crazzycars.pk/honda-civic-x-2016-2021-ativus-style-body-kit-d3-crazzycars-pk,0,3,0%,8.67
https://crazzycars.pk/suzuki-alto-multimedia-steering-control-buttons-with-spiral-cable-glossy-black-crazzycars-pk,0,3,0%,8.67
https://crazzycars.pk/toyota-corolla-2015-2026-rgb-side-mirror-indicator-dragon-style-crazzycars-pk,0,3,0%,9
https://crazzycars.pk/honda-civic-2016-2021-tpe-floor-mats-premium,0,3,0%,9.33
https://crazzycars.pk/products/honda-civic-reborn-ducktail-spoiler,0,3,0%,9.33
https://crazzycars.pk/products/universal-front-splitter-spike-d5-carbon-fiber-canard-3pcs-crazzycars-pk,0,3,0%,9.33
https://crazzycars.pk/products/honda-civic-11th-gen-2022-present-carbon-window-quarter-covers-pair,0,3,0%,10.33
https://crazzycars.pk/products/honda-civic-x-2016-2021-sports-body-kit-complete-crazzycars-pk,0,3,0%,10.33
https://crazzycars.pk/products/deal-1-toyota-corolla-15-26,0,3,0%,11
https://crazzycars.pk/shop?page=8,0,3,0%,11
https://crazzycars.pk/honda-city-2009-2021-complete-interior-carbon-fiber-trim-set,0,3,0%,11.33
https://crazzycars.pk/suzuki-alto-2019-2026-tpe-floor-mats-premium,0,3,0%,11.33
https://crazzycars.pk/mg-hs-premium-metal-key-cover,0,3,0%,12
https://crazzycars.pk/kia-sorento-3-button-premium-metal-key-cover,0,3,0%,12.33
https://crazzycars.pk/toyota-yaris-2020-2026-velvet-dashboard-mat,0,3,0%,12.67
https://crazzycars.pk/honda-city-2009-2020-tpe-floor-mats-premium,0,3,0%,14
https://crazzycars.pk/toyota-corolla-2018-2021-body-kit-d1-crazzycars-pk,0,3,0%,14.33
https://crazzycars.pk/toyota-corolla-2015-2026-side-window-louver-covers-black,0,3,0%,15
https://crazzycars.pk/universal-hand-sewing-top-alcantara-steering-wheel-cover-1-pc-black,0,3,0%,23.67
https://crazzycars.pk/toyota-corolla-2018-2021-trd-style-body-kit-d7-4pcs,0,3,0%,26
https://www.crazzycars.pk/cars/dfsk-glory-580-2018-present,0,3,0%,26.33
https://crazzycars.pk/categories/emergency-safety,0,3,0%,27
https://crazzycars.pk/cars/byd-atto-3-2025-present,0,3,0%,28.67
https://crazzycars.pk/universal-carbon-fiber-steering-wheel-cover-trims-anti-slip-2pcs,0,3,0%,30.67
https://crazzycars.pk/products?page=6,0,3,0%,32.67
https://crazzycars.pk/products/honda-civic-x-2016-2021-body-kit-d1-crazzycars-pk,0,3,0%,33.33
https://www.crazzycars.pk/cars/elantra-2020-2024-cn7,0,3,0%,34.33
https://crazzycars.pk/deal-1-toyota-corolla-15-26,0,3,0%,36
https://crazzycars.pk/honda-civic-x-2017-2024-carbon-fiber-cup-holder-trim,0,3,0%,36
https://crazzycars.pk/products?page=7,0,3,0%,36.67
https://crazzycars.pk/haval-h6-premium-metal-key-cover,0,3,0%,38.67
https://www.crazzycars.pk/cars/honda-civic-es-2001-2005,0,3,0%,41.67
https://crazzycars.pk/categories/car-polish-wax,0,3,0%,43.67
https://crazzycars.pk/honda-civic-2022-2024-front-spike-style-splitter-abs,0,2,0%,1
https://crazzycars.pk/toyota-corolla-2015-2017-front-splitter-gloss-black-canard-3pcs-crazzycars-pk,0,2,0%,2.5
https://crazzycars.pk/honda-civic-2022-2026-carbon-fiber-key-fob-cover-5-button,0,2,0%,3
https://crazzycars.pk/honda-civic-x-2016-2021-carbon-fiber-gear-shift-panel-trim-crazzycars-pk,0,2,0%,3
https://crazzycars.pk/honda-civic-11th-gen-2022-present-carbon-window-quarter-covers-pair,0,2,0%,3.5
https://crazzycars.pk/categories/universal-accessories?page=2,0,2,0%,4
https://crazzycars.pk/toyota-aqua-2016-2019-trd-sportivo-body-kit-crazzycars-pk,0,2,0%,4.5
https://crazzycars.pk/products/honda-civic-x-2016-2021-carbon-fiber-interior-door-window-switch-covers-crazzycars-pk,0,2,0%,5
https://crazzycars.pk/products/toyota-corolla-2009-2014-sportline-front-splitter-canards-red-black-crazzycars-pk,0,2,0%,5
https://crazzycars.pk/honda-civic-reborn-mugen-rr-rear-trunk-spoiler-2007-2011,0,2,0%,5.5
https://crazzycars.pk/mark-x-spoiler-unpainted-abs-2004-2009,0,2,0%,5.5
https://crazzycars.pk/x-perfume-card-pack-car-interior-hanging-fragrance,0,2,0%,5.5
https://crazzycars.pk/products?page=9,0,2,0%,6
https://crazzycars.pk/car-door-welcome-logo-lights,0,2,0%,6.5
https://crazzycars.pk/products/honda-civic-2022-2024-front-spike-splitter-canard-3pcs-abs-crazzycars-pk,0,2,0%,6.5
https://crazzycars.pk/products/honda-civic-reborn-2007-2011-forged-carbon-gear-knob-cover-crazzycars-pk,0,2,0%,6.5
https://crazzycars.pk/toyota-corolla-2012-2014-body-kit-d4-crazzycars-pk,0,2,0%,6.5
https://crazzycars.pk/toyota-corolla-2012-2014-complete-body-kit-d1,0,2,0%,6.5
https://crazzycars.pk/honda-civic-11th-gen-2022-2024-carbon-fiber-roof-reading-light-trim-3pcs,0,2,0%,7
https://crazzycars.pk/products/honda-civic-reborn-2006-2012-abs-roof-spoiler,0,2,0%,7
https://crazzycars.pk/universal-front-splitter-spike-d5-carbon-fiber-canard-3pcs-crazzycars-pk,0,2,0%,7
https://crazzycars.pk/honda-civic-11th-gen-2022-2026-carbon-window-control-armrest-cover,0,2,0%,7.5
https://crazzycars.pk/honda-civic-rebirth-chrome-front-grille-2012-2015,0,2,0%,7.5
https://crazzycars.pk/silicone-kitchen-utensil-set,0,2,0%,7.5
https://crazzycars.pk/toyota-prado-premium-metal-key-cover,0,2,0%,7.5
https://crazzycars.pk/blogs/news/honda-civic-accessories-price-pakistan-2024,0,2,0%,8
https://crazzycars.pk/blogs/news/toyota-corolla-steering-monogram-trending-pakistan-2026,0,2,0%,8
https://crazzycars.pk/honda-city-2021-2026-carbon-fiber-steering-wheel-paddle-shifters-pair-crazzycars-pk,0,2,0%,8
https://crazzycars.pk/honda-civic-type-r-style-carbon-fiber-cluster-control-interior-surround-trims-2016-2021,0,2,0%,8
https://crazzycars.pk/collections/honda-civic-x-2016-2021-accessories-body-kits?page=2,0,2,0%,8.5
https://crazzycars.pk/honda-city-2015-2021-modulo-style-body-kit-d1,0,2,0%,8.5
https://crazzycars.pk/honda-civic-x-2016-2021-carbon-fiber-steering-wheel-paddle-shifters-pair-crazzycars-pk,0,2,0%,8.5
https://crazzycars.pk/universal-front-bumper-splitter-canard-1pcs-matt-black-abs,0,2,0%,9
https://crazzycars.pk/cars/kia-sorento-2021-2024,0,2,0%,9.5
https://crazzycars.pk/honda-civic-premium-fog-lights-with-covers-2018-2020,0,2,0%,9.5
https://crazzycars.pk/products/honda-civic-reborn-2006-2011-body-kit-d4-crazzycars-pk,0,2,0%,9.5
https://crazzycars.pk/toyota-mark-x-duck-tail-spoiler-2004-2009,0,2,0%,9.5
https://crazzycars.pk/kia-stonic-3-button-premium-metal-key-cover,0,2,0%,10
https://crazzycars.pk/shop?page=6,0,2,0%,10
https://crazzycars.pk/toyota-corolla-2008-2013-premium-air-press-with-chrome-strip,0,2,0%,10
https://crazzycars.pk/products/honda-city-2015-2021-modulo-style-body-kit-d1-crazzycars-pk,0,2,0%,10.5
https://crazzycars.pk/changan-alsvin-2021-2026-velvet-dashboard-mat,0,2,0%,11
https://crazzycars.pk/honda-civic-x-2016-2021-carbon-fiber-gear-knob-cover-crazzycars-pk,0,2,0%,11
https://crazzycars.pk/honda-civic-x-2016-2021-carbon-fiber-interior-door-window-switch-covers-crazzycars-pk,0,2,0%,11
https://crazzycars.pk/toyota-yaris-2020-2026-window-quarter-louver-covers-gloss-black-crazzycars-pk,0,2,0%,11
https://crazzycars.pk/honda-civic-reborn-2006-2011-sportline-front-splitter-canards-red-black-crazzycars-pk,0,2,0%,11.5
https://crazzycars.pk/cars/toyota-prius-2004-2009,0,2,0%,12
https://crazzycars.pk/toyota-corolla-carbon-fiber-gear-knob-cover-2014-2026-crazzycars-pk,0,2,0%,13.5
https://crazzycars.pk/universal-car-umbrella-windshield-protector-sun-shade,0,2,0%,13.5
https://www.crazzycars.pk/categories/ac-grill-perfumes,0,2,0%,13.5
https://crazzycars.pk/toyota-mark-x-sports-style-smoke-tail-lights-2004-2009,0,2,0%,14
https://crazzycars.pk/honda-city-2009-2018-interior-carbon-fiber-trims,0,2,0%,15
https://crazzycars.pk/products/honda-civic-x-2016-2021-carbon-fiber-front-dashboard-trims-3pcs-crazzycars-pk,0,2,0%,15
https://crazzycars.pk/products/honda-civic-x-2016-2021-side-splitter-abs-crazzycars-pk,0,2,0%,15.5
https://crazzycars.pk/products/honda-civic-x-2016-2021-carbon-fiber-steering-multimedia-trims-crazzycars-pk,0,2,0%,18
https://crazzycars.pk/honda-civic-2022-2024-yofer-style-body-kit-4pcs-fibreglass-crazzycars-pk,0,2,0%,18.5
https://www.crazzycars.pk/cars/audi-a5-2008-present,0,2,0%,20.5
https://crazzycars.pk/products/honda-city-2012-2016-carbon-door-handle-cover-full-set,0,2,0%,22
https://crazzycars.pk/collections/toyota-car-accessories,0,2,0%,22.5
https://crazzycars.pk/honda-city-2009-2021-premium-metal-key-cover,0,2,0%,24
https://crazzycars.pk/carbon-fiber-side-air-flow-vents-fender-trim,0,2,0%,30.5
https://crazzycars.pk/universal-usb-car-humidifier-atmosphere-light-laser-roof-light,0,2,0%,30.5
https://crazzycars.pk/honda-city-2015-2021-modulo-style-body-kit-d1-crazzycars-pk,0,2,0%,31
https://crazzycars.pk/products/honda-city-2009-2021-multimedia-steering-wheel-buttons-crazzycars-pk,0,2,0%,37
https://crazzycars.pk/cars/toyota-mark-x-2009-2022,0,2,0%,38
https://crazzycars.pk/blogs/car-air-press-window-visors-fitment-pakistan,0,1,0%,1
https://crazzycars.pk/blogs/car-door-welcome-logo-lights-pakistan-guide,0,1,0%,1
https://crazzycars.pk/blogs/front-splitters-side-skirts-buying-guide-pakistan,0,1,0%,1
https://crazzycars.pk/carbon-fiber-gear-shift-console-trim-for-toyota-corolla-2014-2018-e170,0,1,0%,1
https://crazzycars.pk/collections/toyota-corolla-e170-2014-2020-accessories?page=3,0,1,0%,1
https://crazzycars.pk/honda-city-2021-2025-modulo-style-body-kit-fibreglass-crazzycars-pk,0,1,0%,1
https://crazzycars.pk/honda-civic-2022-2024-yofer-style-body-kit-4pcs-abs-crazzycars-pk,0,1,0%,1
https://crazzycars.pk/pages/shop,0,1,0%,1
https://crazzycars.pk/products/deal-2-toyota-corolla-15-26,0,1,0%,1
https://crazzycars.pk/toyota-corolla-2012-2014-body-kit-d2,0,1,0%,1
https://crazzycars.pk/universal-3-piece-front-bumper-splitter-ground-style-abs-crazzycars-pk,0,1,0%,1
https://crazzycars.pk/universal-front-splitter-spike-d5-carbon-fiber-canard-3pcs,0,1,0%,1
https://crazzycars.pk/blogs/are-aftermarket-car-accessories-safe,0,1,0%,2
https://crazzycars.pk/blogs/news/carbon-fiber-car-accessories-in-pakistan-complete-buyers-guide,0,1,0%,2
https://crazzycars.pk/blogs/news/follow-crazzycars-pk-on-tiktok-instagram-and-facebook,0,1,0%,2
https://crazzycars.pk/categories/exterior?page=4,0,1,0%,2
https://crazzycars.pk/honda-civic-2001-2005-rear-trunk-spoiler-unpainted-abs,0,1,0%,2
https://crazzycars.pk/honda-civic-2022-2025-mugen-style-body-kit-fibreglass-crazzycars-pk,0,1,0%,2
https://crazzycars.pk/kia-picanto-2019-2026-tpe-floor-mats-premium,0,1,0%,2
https://crazzycars.pk/products/honda-civic-reborn-2006-2011-body-kit-d1-crazzycars-pk,0,1,0%,2
https://crazzycars.pk/toyota-corolla-2015-2023-ducktail-trunk-spoiler-abs-unpainted-crazzycars-pk,0,1,0%,2
https://crazzycars.pk/collections/toyota-corolla-2009-2014-accessories?page=2,0,1,0%,3
https://crazzycars.pk/honda-civic-2012-2015-front-show-grille,0,1,0%,3
https://crazzycars.pk/honda-civic-reborn-2006-2011-carbon-fiber-steering-trim,0,1,0%,3
https://crazzycars.pk/honda-civic-x-2016-2021-carbon-fiber-central-control-gear-shift-panel-trim-cover-crazzycars-pk,0,1,0%,3
https://crazzycars.pk/nissan-note-premium-metal-key-cover,0,1,0%,3
https://crazzycars.pk/pages/shipping-policy,0,1,0%,3
https://crazzycars.pk/products/toyota-corolla-2017-2020-led-side-mirror-sequential-indicator-pair-crazzycars-pk,0,1,0%,3
https://crazzycars.pk/toyota-corolla-e120-dynamic-back-bumper-light-rgb-2002-2008,0,1,0%,3
https://crazzycars.pk/toyota-corolla-x-dynamic-back-bumper-light-rgb-2022-2023,0,1,0%,3
https://crazzycars.pk/universal-front-splitter-style-4-gloss-black-canard-3pcs-crazzycars-pk,0,1,0%,3
https://crazzycars.pk/blogs/cod-vs-online-payment-car-accessories-pakistan,0,1,0%,4
https://crazzycars.pk/blogs/trunk-lip-spoiler-buying-guide-pakistan-alsvin-city-corolla,0,1,0%,4
https://crazzycars.pk/categories/exterior?page=5,0,1,0%,4
https://crazzycars.pk/honda-civic-front-bumper-turn-signal-drl-2016-2020,0,1,0%,4
https://crazzycars.pk/honda-civic-x-2016-2021-body-kit-d1-crazzycars-pk,0,1,0%,4
https://crazzycars.pk/honda-civic-x-2016-2021-sports-body-kit-complete-crazzycars-pk,0,1,0%,4
https://crazzycars.pk/hyundai-carbon-fiber-steering-wheel-monogram,0,1,0%,4
https://crazzycars.pk/products/carbon-fiber-door-handle-covers-for-hyundai-elantra-2020-2024-cn7-4pcs,0,1,0%,4
https://crazzycars.pk/products/honda-city-2021-2026-carbon-fiber-steering-wheel-paddle-shifters-pair-crazzycars-pk,0,1,0%,4
https://crazzycars.pk/toyota-corolla-2008-2010-diamond-style-chrome-front-grille,0,1,0%,4
https://crazzycars.pk/toyota-corolla-2015-2026-trd-style-trunk-spoiler,0,1,0%,4
https://crazzycars.pk/categories/carbon-fiber?page=2,0,1,0%,5
https://crazzycars.pk/collections/honda-civic-11th-gen-2022-present-accessories?page=2,0,1,0%,5
https://crazzycars.pk/honda-city-2015-2021-sports-body-kit-d2,0,1,0%,5
https://crazzycars.pk/honda-civic-front-bumper-mustang-drl-2018-2020,0,1,0%,5
https://crazzycars.pk/mercedes-benz-e260-premium-metal-key-cover,0,1,0%,5
https://crazzycars.pk/products/universal-front-splitter-style-4-gloss-black-canard-3pcs-crazzycars-pk,0,1,0%,5
https://crazzycars.pk/shop?page=10,0,1,0%,5
https://crazzycars.pk/suzuki-alto-premium-metal-key-cover,0,1,0%,5
https://crazzycars.pk/toyota-aqua-2022-2024-sportline-front-splitter-canards-red-black-crazzycars-pk,0,1,0%,5
https://crazzycars.pk/toyota-corolla-2009-2011-body-kit-d4,0,1,0%,5
https://crazzycars.pk/toyota-corolla-2015-2026-carbon-steering-trim,0,1,0%,5
https://crazzycars.pk/toyota-corolla-2015-2026-rgb-side-mirror-indicator-dragon-style,0,1,0%,5
https://crazzycars.pk/toyota-raize-2019-2026-tpe-floor-mats-premium,0,1,0%,5
https://crazzycars.pk/collections/all?page=8,0,1,0%,6
https://crazzycars.pk/honda-civic-11th-gen-2022-2024-carbon-fiber-rear-armrest-air-vent-outlet-cover-trim-crazzycars-pk,0,1,0%,6
https://crazzycars.pk/honda-civic-rebirth-2012-2016-front-spike-splitter-canard-3pcs-crazzycars-pk,0,1,0%,6
https://crazzycars.pk/honda-civic-reborn-2007-2011-forged-carbon-gear-knob-cover,0,1,0%,6
https://crazzycars.pk/products/suzuki-swift-2018-2024-complete-body-kit-fibreglass-crazzycars-pk,0,1,0%,6
https://crazzycars.pk/products/toyota-corolla-2008-2013-sequential-side-mirror-indicators,0,1,0%,6
https://crazzycars.pk/products/toyota-yaris-2020-2021-complete-body-kit-crazzycars-pk,0,1,0%,6
https://crazzycars.pk/shop?page=4,0,1,0%,6
https://crazzycars.pk/toyota-corolla-2015-2024-front-spike-splitter-canard-3pcs-crazzycars-pk,0,1,0%,6
https://crazzycars.pk/categories/carbon-fiber?page=3,0,1,0%,7
https://crazzycars.pk/collections/toyota-corolla-e170-2014-2020-accessories?page=2,0,1,0%,7
https://crazzycars.pk/glass-spice-jars-rack,0,1,0%,7
https://crazzycars.pk/pages/privacy-policy,0,1,0%,7
https://crazzycars.pk/products/honda-civic-11th-gen-2022-2024-carbon-fiber-roof-reading-light-trim-3pcs-crazzycars-pk,0,1,0%,7
https://crazzycars.pk/products/toyota-corolla-2009-2011-body-kit-d2-crazzycars-pk,0,1,0%,7
https://crazzycars.pk/shop?page=7,0,1,0%,7
https://crazzycars.pk/toyota-axio-2014-22-velvet-dashboard-mat,0,1,0%,7
https://crazzycars.pk/toyota-corolla-2014-2026-interior-door-handle-carbon-fiber-trims-4pcs,0,1,0%,7
https://crazzycars.pk/blogs/news/funny-led-gesture-light-viral-pakistan-2026,0,1,0%,8
https://crazzycars.pk/collections/all?page=10,0,1,0%,8
https://crazzycars.pk/collections/all?page=14,0,1,0%,8
https://crazzycars.pk/collections/suzuki-accessories-shop-by-model-crazzycars-pk,0,1,0%,8
https://crazzycars.pk/collections/universal-car-accessories?page=2,0,1,0%,8
https://crazzycars.pk/honda-civic-back-bumper-aesthetic-drl-2018-2020,0,1,0%,8
https://crazzycars.pk/honda-civic-x-2016-2021-carbon-fiber-gear-panel-trim,0,1,0%,8
https://crazzycars.pk/honda-civic-x-2016-2021-carbon-fiber-interior-door-panel-trims-4pcs-crazzycars-pk,0,1,0%,8
https://crazzycars.pk/honda-civic-x-2016-2021-carbon-fiber-steering-multimedia-trims-crazzycars-pk,0,1,0%,8
https://crazzycars.pk/products/honda-city-2010-2020-trunk-lip-spoiler-mugen-style,0,1,0%,8
https://crazzycars.pk/products/toyota-corolla-2015-2017-front-splitter-gloss-black-canard-3pcs-crazzycars-pk,0,1,0%,8
https://crazzycars.pk/toyota-corolla-2008-2010-complete-body-kit-crazzycars-pk,0,1,0%,8
https://crazzycars.pk/toyota-corolla-2015-2023-power-window-carbon-fiber-trims-4pcs-crazzycars-pk,0,1,0%,8
https://crazzycars.pk/toyota-corolla-cross-2020-2026-velvet-dashboard-mat,0,1,0%,8
https://crazzycars.pk/universal-car-anti-rust-door-lock-cover-premium-protection-cap-crazzycars-pk,0,1,0%,8
https://crazzycars.pk/universal-galaxy-starry-sky-sunroof-headliner-film,0,1,0%,8
https://crazzycars.pk/audi-a4-premium-metal-key-cover,0,1,0%,9
https://crazzycars.pk/cars/honda-civic-x-2016-2021?page=2,0,1,0%,9
https://crazzycars.pk/categories/led-lighting?page=2,0,1,0%,9
https://crazzycars.pk/collections/all?page=3,0,1,0%,9
https://crazzycars.pk/honda-city-2012-2016-carbon-door-handle-cover-full-set,0,1,0%,9
https://crazzycars.pk/honda-city-premium-fog-lights-with-covers-2020-2022,0,1,0%,9
https://crazzycars.pk/products/honda-civic-reborn-2006-2012-abs-plastic-roof-spoiler,0,1,0%,9
https://crazzycars.pk/products/honda-civic-reborn-front-quarter-louver-2007-2012-stylish-side-vent-cover-pair,0,1,0%,9
https://crazzycars.pk/products/honda-civic-x-2016-2021-body-kit-d2-crazzycars-pk,0,1,0%,9
https://crazzycars.pk/products/honda-civic-x-2016-2021-carbon-inner-door-panel-trims-4pcs-crazzycars-pk,0,1,0%,9
https://crazzycars.pk/suzuki-alto-2019-2026-velvet-dashboard-mat,0,1,0%,9
https://crazzycars.pk/toyota-corolla-2008-2011-front-chrome-grilles-set-unpainted-steel,0,1,0%,9
https://crazzycars.pk/toyota-corolla-2018-2021-trd-style-body-kit-d7-4pcs-crazzycars-pk,0,1,0%,9
https://crazzycars.pk/toyota-mark-x-side-mirror-led-indicators,0,1,0%,9
https://crazzycars.pk/blogs/honda-city-2021-2026-carbon-interior-upgrades-pakistan,0,1,0%,10
https://crazzycars.pk/cars/elantra-2020-2024-cn7,0,1,0%,10
https://crazzycars.pk/honda-br-v-2017-2026-tpe-floor-mats-premium,0,1,0%,10
https://crazzycars.pk/honda-civic-11th-gen-2022-2026-carbon-dashboard-trims-2pcs,0,1,0%,10
https://crazzycars.pk/honda-civic-rebirth-2012-2015-carbon-door-handle-cover-full-set,0,1,0%,10
https://crazzycars.pk/products/canbus-bright-led-indicator-bulbs-2-pcs-crazzycars-pk,0,1,0%,10
https://crazzycars.pk/products/toyota-corolla-2015-2017-complete-body-kit-d1-crazzycars-pk,0,1,0%,10
https://crazzycars.pk/toyota-corolla-2012-2014-body-kit-fibreglass-crazzycars-pk,0,1,0%,10
https://crazzycars.pk/toyota-corolla-2014-2026-tpe-floor-mats-premium,0,1,0%,10
https://crazzycars.pk/universal-crystal-led-gear-knob-touch-activated-premium-car-shifter-crazzycars-pk,0,1,0%,10
https://crazzycars.pk/blogs/seat-covers-buying-guide-pakistan-climate,0,1,0%,11
https://crazzycars.pk/honda-city-2021-2026-txr-air-press-with-chrome,0,1,0%,11
https://crazzycars.pk/honda-city-premium-fog-lights-with-covers-2012-2015,0,1,0%,11
https://crazzycars.pk/honda-civic-rebirth-premium-metal-key-cover,0,1,0%,11
https://crazzycars.pk/honda-civic-type-r-style-carbon-fiber-cluster-control-interior-surround-trims-2016-2021-crazzycars-pk,0,1,0%,11
https://crazzycars.pk/products/honda-city-2012-2016-carbon-door-handle-cover,0,1,0%,12
https://crazzycars.pk/products/toyota-corolla-2018-2021-body-kit-d1-crazzycars-pk,0,1,0%,12
https://crazzycars.pk/honda-civic-x-2016-2021-carbon-fiber-gear-shift-panel-trim,0,1,0%,14
https://crazzycars.pk/products/carbon-fiber-door-handle-covers-for-hyundai-sonata-2020-2024-dn8-4pcs,0,1,0%,14
https://crazzycars.pk/honda-city-new-model-complete-interior-carbon-fiber-trim-set,0,1,0%,16
https://crazzycars.pk/products/toyota-yaris-2020-2023-carbon-fiber-door-handle-cover,0,1,0%,17
https://crazzycars.pk/toyota-prius-premium-metal-key-cover,0,1,0%,17
https://www.crazzycars.pk/cars/nissan-note-2012-present,0,1,0%,17
https://crazzycars.pk/changan-oshan-x7-2022-2026-tpe-floor-mats-premium,0,1,0%,18
https://crazzycars.pk/honda-civic-x-2016-2021-ativus-style-body-kit-d7-4pcs,0,1,0%,19
https://crazzycars.pk/honda-civic-x-2016-2021-carbon-fiber-ac-vent-trims-full-set-crazzycars-pk,0,1,0%,19
https://crazzycars.pk/products/honda-civic-x-2016-2021-carbon-fiber-gear-shift-lever-knob-cover-trim-3pc-crazzycars-pk,0,1,0%,19
https://crazzycars.pk/toyota-hilux-revo-2016-2021-tpe-floor-mats-premium,0,1,0%,20
https://crazzycars.pk/toyota-corolla-2012-2014-body-kit-d7-crazzycars-pk,0,1,0%,21
https://crazzycars.pk/toyota-aqua-2021-2024-tpe-floor-mats-premium,0,1,0%,23
https://crazzycars.pk/hyundai-tucson-premium-metal-key-cover,0,1,0%,24
https://crazzycars.pk/toyota-corolla-2009-2014-sportline-front-splitter-canards-red-black,0,1,0%,24
https://www.crazzycars.pk/cars/proton-x70-2020-present,0,1,0%,25
https://crazzycars.pk/products/toyota-corolla-2012-2014-complete-body-kit-d1-crazzycars-pk,0,1,0%,26
https://crazzycars.pk/products/honda-civic-x-batman-style-side-mirror-cover,0,1,0%,28
https://crazzycars.pk/toyota-corolla-2012-2014-body-kit-d6,0,1,0%,28
https://crazzycars.pk/honda-civic-reborn-2006-2011-body-kit-d3-crazzycars-pk,0,1,0%,31
https://crazzycars.pk/products/universal-carbon-fiber-steering-wheel-cover-trims-anti-slip-2pcs-crazzycars-pk,0,1,0%,31
https://crazzycars.pk/honda-city-2015-2020-carbon-fiber-gear-lever-knob-cover-crazzycars-pk,0,1,0%,33
https://crazzycars.pk/categories/polisher-machines-buffers,0,1,0%,35
https://crazzycars.pk/products/honda-civic-rebirth-2012-2015-carbon-side-mirror-cover-pair,0,1,0%,35
https://crazzycars.pk/cars/hyundai-sonata-2020-sonata-2020-2024-dn8,0,1,0%,36
https://crazzycars.pk/honda-vezel-2013-2018-fog-lamps-drl-cover-hd011-l2,0,1,0%,40
https://crazzycars.pk/honda-city-2009-2020-velvet-dashboard-mat,0,1,0%,43
https://crazzycars.pk/pages/return-refund-policy,0,1,0%,47
https://crazzycars.pk/categories/cutlery-gadgets,0,1,0%,99