Top queries,Clicks,Impressions,CTR,Position
crazzycars.pk,11,15,73.33%,1
toyota raize accessories in pakistan,3,19,15.79%,22.89
steering wheel cover pakistan,3,12,25%,26.25
deepal so5 accessories,3,6,50%,40.17
toyota aqua body kit,2,33,6.06%,11.79
reborn accessories,2,20,10%,15.2
corolla 2012 body kit,2,8,25%,11.88
car accessories near me,2,6,33.33%,4.83
crazy car accessories,2,2,100%,1
crazy car website,2,2,100%,1
switchback fog lights,2,2,100%,5
toyota corolla 2026 accessories,2,2,100%,8
elantra hybrid accessories,2,2,100%,10.5
grande steering wheel,1,50,2%,8.06
led indicator for car,1,37,2.7%,10.3
heads up display pakistan,1,26,3.85%,17.19
aqua body kit,1,23,4.35%,4.35
civic x spoiler,1,22,4.55%,22.45
suzuki alto accessories,1,17,5.88%,36.41
carspk,1,16,6.25%,8.69
footwell lights,1,15,6.67%,9.73
mark x accessories,1,15,6.67%,17
ambient light for car price in pakistan,1,14,7.14%,33.14
brake caliper covers,1,13,7.69%,39.31
haval h6 accessories,1,13,7.69%,45.77
honda reborn parts,1,12,8.33%,24.17
aqua accessories,1,12,8.33%,25.42
honda reborn accessories,1,12,8.33%,25.83
elantra body kit,1,10,10%,4.8
deepal s05 accessories,1,10,10%,36.3
steering cover price in pakistan,1,8,12.5%,33.75
led indicator car,1,7,14.29%,5.86
quarter glass louvers,1,7,14.29%,6.86
rear bumper splitter,1,7,14.29%,8.57
civic x body kit,1,7,14.29%,23
car accessories pakistan,1,7,14.29%,43
mg seat belt clip,1,6,16.67%,8.67
alto side indicator,1,6,16.67%,9
elantra body kit pakistan,1,5,20%,5.2
toyota aqua trd body kit,1,5,20%,9
alsvin key cover,1,5,20%,41.8
civic 11th gen front lip,1,4,25%,2.75
universal heads up display,1,4,25%,6.25
honda city side skirts,1,4,25%,41
universal rear diffuser,1,3,33.33%,5.33
footwell car lights,1,3,33.33%,7.33
honda city 2026 spoiler,1,3,33.33%,10.67
toyota corolla 2014 accessories,1,3,33.33%,19.67
deepal so5 accessories pakistan,1,3,33.33%,31.67
crazycars,1,2,50%,2.5
car body skirts,1,2,50%,3
honda civic bumper lip,1,2,50%,5
car decoration accessories,1,2,50%,5.5
car hud projector,1,2,50%,8
universal heads up display for car,1,2,50%,8.5
universal splitter for car,1,2,50%,9.5
indicator car,1,2,50%,10.5
swift 2022 body kit,1,2,50%,11.5
suzuki swift 2018 accessories,1,2,50%,13
civic front splitter,1,2,50%,15
mark x body kits,1,2,50%,29
byd atto 3 accessories pakistan,1,2,50%,35.5
deepal s05 accessories pakistan,1,2,50%,38
footwell ambient lighting,1,1,100%,1
car heads up display projector,1,1,100%,3
universal hud head up display,1,1,100%,3
in pakistan,1,1,100%,4
yellow brake caliper covers,1,1,100%,4
indicator lights for car,1,1,100%,6
bumper spliter,1,1,100%,7
swift rs kit,1,1,100%,8
universal car splitter,1,1,100%,8
canbus led indicator bulbs,1,1,100%,9
toyota corolla ambient lighting,1,1,100%,9
carbon covers,1,1,100%,10
city spoiler,1,1,100%,10
hud for cars aftermarket,1,1,100%,10
car front glass eyes light,1,1,100%,12
civic x gear knob cover,1,1,100%,12
head up display for car,1,1,100%,12
civic x spoiler price in pakistan,1,1,100%,14
toyota steering monogram,1,1,100%,14
swift decoration accessories,1,1,100%,15
yaris trunk spoiler,1,1,100%,18
brembo brake calipers covers,1,1,100%,19
raize accessories,1,1,100%,19
alto side mirror cover carbon fiber,1,1,100%,23
honda vezel accessories in pakistan,1,1,100%,31
civic x interior,0,38,0%,22.03
led indicator bulb,0,34,0%,9.71
indicator lights,0,34,0%,24.06
alto accessories,0,33,0%,32.64
aqua side mirror cover,0,31,0%,22.45
car exterior accessories,0,28,0%,52.57
side skirts,0,27,0%,10.15
window louvers,0,25,0%,12.6
interior lights for car,0,25,0%,35.4
toyota yaris accessories,0,24,0%,33.54
interior lights car,0,24,0%,36.29
honda city gear knob cover,0,23,0%,8.26
batman splitter,0,22,0%,6.91
heads up display car,0,21,0%,26.29
toyota yaris accessories pakistan,0,21,0%,31.76
interior car lights,0,21,0%,36.48
cars interior lights,0,21,0%,40.05
nike projector,0,20,0%,1.1
led indicator,0,20,0%,8.3
honda city lip spoiler,0,20,0%,25.2
led lights for car interior,0,20,0%,42.6
car side skirts,0,19,0%,6.74
honda city accessories,0,19,0%,27.74
hyundai elantra accessories pakistan,0,19,0%,30.11
side skirt car,0,18,0%,12.67
suzuki swift accessories pakistan,0,18,0%,26.33
yaris car accessories,0,18,0%,33.67
toyota aqua accessories pakistan,0,17,0%,24.06
honda city trunk spoiler,0,17,0%,25.59
alto multimedia steering,0,17,0%,25.88
car hud display,0,17,0%,30.24
ambient light,0,17,0%,34.53
corolla 2015 spoiler,0,16,0%,16.06
car interior light,0,16,0%,39.62
car lights,0,16,0%,43.06
led lights for cars,0,16,0%,43.94
reborn handbrake cover,0,15,0%,7.33
rgb ac vents,0,15,0%,9.07
grande paddle shifter,0,15,0%,15.73
honda civic reborn accessories pakistan,0,15,0%,22.4
civic x rs spoiler,0,15,0%,23.4
honda city side mirror indicator,0,15,0%,24.8
honda city accessories pakistan,0,15,0%,31.87
vitz car accessories,0,15,0%,35.73
suzuki swift accessories,0,15,0%,40.07
car accessories,0,15,0%,46.8
toyota grande steering wheel,0,14,0%,7.93
back bumper splitter,0,14,0%,9.71
civic rebirth accessories,0,14,0%,21.43
suzuki liana dashboard price in pakistan,0,14,0%,22
toyota aqua accessories in pakistan,0,14,0%,22.29
honda civic reborn accessories,0,14,0%,27.64
car interior lights,0,14,0%,30.07
toyota corolla x bumper price in pakistan,0,14,0%,30.57
haval h6 accessories pakistan,0,14,0%,31.64
honda civic x accessories,0,14,0%,35.36
corolla bodykit,0,14,0%,38.71
bonnet spacer,0,13,0%,5.92
cars pk,0,13,0%,9.92
honda civic rebirth accessories,0,13,0%,20.62
car side mirror cover,0,13,0%,26.15
2012 corolla body kit,0,13,0%,27.31
corolla 2012 accessories,0,13,0%,28.62
honda civic x body kit,0,13,0%,29.77
display hud car,0,13,0%,30.62
vitz accessories,0,13,0%,31.62
toyota raize accessories,0,13,0%,34.38
civic x accessories,0,13,0%,36.92
corolla x bumpers,0,13,0%,37
car inside lights,0,13,0%,37.08
corolla x bumper,0,13,0%,37.15
honda city car accessories,0,13,0%,37.23
revo accessories,0,13,0%,39.46
car steering cover,0,13,0%,39.69
corolla x front bumper,0,13,0%,41
led bulbs for cars,0,13,0%,43.31
grande steering,0,12,0%,8.83
body kit corolla 2015,0,12,0%,20.92
corolla back spoiler,0,12,0%,23.83
toyota corolla 2012 body kit,0,12,0%,24.25
toyota aqua accessories,0,12,0%,28.83
toyota vitz accessories,0,12,0%,29.33
honda vezel body kit,0,12,0%,33.33
kia sportage accessories,0,12,0%,35.92
honda civic x front grill,0,12,0%,36.92
civic x grill,0,12,0%,37.08
lighting for car interior,0,12,0%,41.92
honda crz for sale in pakistan,0,12,0%,42.58
accessories for suzuki swift,0,12,0%,44.08
swift accessories,0,12,0%,45.92
honda city 2008 body kit,0,11,0%,6.09
universal side skirts,0,11,0%,8.73
honda city gear lever cover,0,11,0%,10
suzuki liana accessories,0,11,0%,22.45
honda city bumper kit,0,11,0%,23.55
reborn front grill,0,11,0%,25.64
honda reborn front grill,0,11,0%,28.91
toyota corolla x front bumper price in pakistan,0,11,0%,29.64
toyota corolla spoilers,0,11,0%,29.82
corolla x front bumper price in pakistan,0,11,0%,29.91
brembo caliper cover,0,11,0%,31
car hud head up display,0,11,0%,32.18
alto lava lights,0,11,0%,33.18
steering wheel covers,0,11,0%,36
honda city body kit,0,11,0%,37.36
ambient light for car,0,11,0%,37.45
ambient light car,0,11,0%,37.82
auto hud display,0,11,0%,37.91
changan alsvin accessories,0,11,0%,39.64
vezel body kit,0,11,0%,39.64
ambient lights for car,0,11,0%,40.09
corolla nike style lights price in pakistan,0,11,0%,40.09
yaris accessories,0,11,0%,41
elantra accessories,0,11,0%,43.36
car cleaning kit,0,11,0%,55.55
side skirts car,0,10,0%,5.8
car skirts,0,10,0%,6.5
car side skirt,0,10,0%,7.3
toyota aqua body kit price in pakistan,0,10,0%,8.6
bumper splitter,0,10,0%,10.3
corolla lava lights,0,10,0%,17.2
corolla roof spoiler,0,10,0%,22.3
honda civic reborn parts,0,10,0%,23.7
vitz side mirror cover,0,10,0%,23.7
honda city multimedia steering buttons,0,10,0%,24
2015 corolla body kit,0,10,0%,24.7
honda civic rebirth spoiler,0,10,0%,25.6
alto accessories pakistan,0,10,0%,27.4
kia sportage accessories pakistan,0,10,0%,27.5
h11 led fog light,0,10,0%,31.1
car windshield display,0,10,0%,32.8
suzuki wagon r accessories,0,10,0%,33.6
alto back spoiler,0,10,0%,33.8
car perfume hanging card,0,10,0%,34.5
alto car accessories,0,10,0%,34.6
ambient light price in pakistan,0,10,0%,34.9
toyota corolla body kits,0,10,0%,35.2
corolla x bumper price,0,10,0%,35.5
corolla body kits,0,10,0%,36.3
mehran accessories,0,10,0%,36.9
civic x front grill,0,10,0%,37
mg hs accessories pakistan,0,10,0%,37.7
atmosphere lights for car,0,10,0%,37.8
ambient lighting for car,0,10,0%,38.2
steering wheel cover,0,10,0%,38.9
rs spoiler civic,0,10,0%,41.8
bodykit modulo honda city,0,10,0%,42.1
honda city decoration,0,10,0%,42.3
led lights car,0,10,0%,43.5
car spoiler,0,10,0%,46.3
swift car accessories,0,10,0%,46.8
side mirror carbon fiber cover,0,9,0%,6.67
side skirt,0,9,0%,6.89
led indicator bulbs,0,9,0%,9.67
elantra body kits,0,9,0%,12.33
splitter car,0,9,0%,12.67
civic reborn spoiler,0,9,0%,19.44
honda civic reborn spoiler,0,9,0%,20.67
toyota corolla spoiler,0,9,0%,23.33
honda rebirth body kit,0,9,0%,26.67
honda civic accessories pakistan,0,9,0%,28.44
suzuki liana car parts,0,9,0%,28.56
liana spare parts,0,9,0%,29
car accessories toyota corolla,0,9,0%,30
liana dashboard,0,9,0%,32.11
suzuki alto lava lights,0,9,0%,32.44
suzuki liana body kits,0,9,0%,33
nike headlights,0,9,0%,33.89
honda city back spoiler,0,9,0%,34.33
wagon r car accessories,0,9,0%,34.67
toyota corolla body kit,0,9,0%,34.78
air freshener for car dashboard,0,9,0%,35
kia picanto accessories,0,9,0%,36.67
wheel caliper covers,0,9,0%,37.78
hyundai tucson accessories,0,9,0%,39
civic 2005 accessories,0,9,0%,39.33
alsvin body kit,0,9,0%,40
kia picanto car accessories,0,9,0%,40.78
car spoilers,0,9,0%,41.33
honda city modulo,0,9,0%,42.11
car led lights,0,9,0%,42.78
alsvin accessories,0,9,0%,43.67
car interior led lights,0,9,0%,44.89
honda vezel body kits,0,9,0%,45.89
toyota yaris hatchback accessories,0,9,0%,46.44
hyundai elantra body kit,0,8,0%,5.75
car skirt,0,8,0%,6.38
yaris roof spoiler,0,8,0%,7.88
crazy cars,0,8,0%,8.25
cars. pk,0,8,0%,8.88
universal multimedia steering buttons,0,8,0%,9.38
toyota corolla e170,0,8,0%,9.5
splitter for car,0,8,0%,10.38
honda city spoiler,0,8,0%,11.88
honda city body kit price in pakistan,0,8,0%,15.12
toyota corolla accessories,0,8,0%,18
corolla accessories pakistan,0,8,0%,23.25
honda city spoilers,0,8,0%,26.62
honda city spoiler price in pakistan,0,8,0%,27.88
rear bumper,0,8,0%,28.25
kia picanto accessories pakistan,0,8,0%,28.5
wagon r accessories pakistan,0,8,0%,28.5
honda civic rebirth body kit,0,8,0%,28.62
honda civic 2005 accessories in pakistan,0,8,0%,30.88
suzuki liana windscreen price in pakistan,0,8,0%,31.12
corolla x bumper price in pakistan,0,8,0%,31.25
corolla body kit,0,8,0%,32.5
corolla spoilers,0,8,0%,34.25
honda city bodykit,0,8,0%,34.88
honda city multimedia steering,0,8,0%,36
brv side mirror price,0,8,0%,36.25
automotive hud display,0,8,0%,38.38
changan alsvin body kit,0,8,0%,39.38
car interior led light,0,8,0%,39.62
head up display auto,0,8,0%,40.12
ambient light for cars,0,8,0%,40.25
stearing covers,0,8,0%,40.88
led bulbs for headlights car,0,8,0%,41.75
steering covers,0,8,0%,42.88
car modification accessories in pakistan,0,8,0%,43.62
sportage accessories,0,8,0%,44.5
kia picanto parts,0,8,0%,45.62
car exhaust tip,0,8,0%,45.88
steering cover,0,8,0%,49.5
baic bj40 official modification solutions,0,8,0%,49.88
car body kits,0,8,0%,49.88
car skirting,0,7,0%,5.71
side splitters,0,7,0%,6.57
carz.pk,0,7,0%,8.43
car universal accessories,0,7,0%,9.71
back splitter,0,7,0%,11.86
car indicator,0,7,0%,13.86
splitters car,0,7,0%,17.57
suzuki liana spare parts,0,7,0%,25.71
steering cover pakistan,0,7,0%,27.86
corolla side mirror indicator,0,7,0%,31
honda city body kits,0,7,0%,31.71
civic back spoiler,0,7,0%,32.29
wagon r accessories,0,7,0%,32.43
honda vezel accessories,0,7,0%,33.57
suzuki swift body kit pakistan,0,7,0%,33.71
body kits for sale in pakistan,0,7,0%,34.57
corolla 2012 nike style headlights,0,7,0%,35.14
changan alsvin spare parts in pakistan,0,7,0%,36.29
nike style headlights price in pakistan,0,7,0%,36.71
honda civic 2005 accessories,0,7,0%,38.86
steering covers for car,0,7,0%,38.86
led headlights,0,7,0%,39.86
crz for sale in pakistan,0,7,0%,40.57
car windscreen display,0,7,0%,41
ambience light for car,0,7,0%,41.71
honda odyssey for sale in pakistan,0,7,0%,41.71
suzuki liana back light cover,0,7,0%,42.71
led bulb for cars,0,7,0%,42.86
suzuki swift 2025 accessories,0,7,0%,42.86
haval accessories,0,7,0%,43.43
led bulbs car,0,7,0%,43.43
liana back light cover,0,7,0%,43.57
liana bumper,0,7,0%,43.86
leather steering cover,0,7,0%,47.14
led lights for car,0,7,0%,47.14
dashboard mat,0,6,0%,4.67
rear bumper lip,0,6,0%,6.83
hyundai elantra 2026 body kit,0,6,0%,7
back bumper lip,0,6,0%,7.67
carbon fiber side mirror cover,0,6,0%,8.5
led bulb indicator,0,6,0%,10.5
car splitter,0,6,0%,11.33
hyundai sonata 2020 accessories,0,6,0%,11.83
universal car accessories,0,6,0%,13.33
car accessories pk,0,6,0%,21.67
aqua side mirror price in pakistan,0,6,0%,22.17
heads up display,0,6,0%,24.67
civic x modulo kit,0,6,0%,31
car spirit pk,0,6,0%,31.5
honda br v accessories,0,6,0%,32.33
kia sportage parts,0,6,0%,35.33
car steering covers,0,6,0%,36.17
accessories for honda civic,0,6,0%,38
ambient lighting car,0,6,0%,38.33
suzuki liana bumper kit,0,6,0%,38.67
suzuki liana fog lights,0,6,0%,40.83
honda civic 2005 parts,0,6,0%,41.5
honda brv car accessories,0,6,0%,42.33
steering cover for car,0,6,0%,43.33
alsvin spare parts,0,6,0%,44
crz price in pakistan,0,6,0%,44.5
signal light,0,6,0%,44.67
led for cars,0,6,0%,46.67
interior led lights for cars,0,6,0%,46.83
led light for cars,0,6,0%,47.5
side bumper,0,5,0%,1.2
car,0,5,0%,2.2
trunk spoiler honda city,0,5,0%,3
hud projector for car,0,5,0%,4
price of indicator light,0,5,0%,7.4
civic x carbon fiber interior,0,5,0%,8
led indicator bulb price,0,5,0%,9.6
front splitter,0,5,0%,10.4
rear bumper lip splitter,0,5,0%,11.2
cars.pk,0,5,0%,16.6
led indicators for car,0,5,0%,17.4
side splitters car,0,5,0%,18.6
honda reborn spoiler,0,5,0%,21.2
honda city side mirror cover price in pakistan,0,5,0%,23
suzuki liana spare parts price list in pakistan,0,5,0%,23
liana parts,0,5,0%,25.4
civic rebirth spoiler,0,5,0%,27.2
honda civic rebirth body kit price in pakistan,0,5,0%,27.4
spoiler price in pakistan,0,5,0%,27.6
toyota passo accessories,0,5,0%,27.6
corolla accessories,0,5,0%,28.6
suzuki liana dashboard,0,5,0%,30.2
honda brv accessories,0,5,0%,31.2
kia sportage side mirror price in pakistan,0,5,0%,31.2
car spoiler price in pakistan,0,5,0%,31.4
civic accessories,0,5,0%,32.8
hyundai tucson accessories pakistan,0,5,0%,32.8
led bulb car headlight,0,5,0%,33.2
honda civic back spoiler,0,5,0%,33.6
car headlight,0,5,0%,35.2
cultus accessories,0,5,0%,35.4
car stearing cover,0,5,0%,35.6
yaris spoilers,0,5,0%,36
led headlight bulb for car,0,5,0%,36.2
nike style headlights,0,5,0%,36.4
mark x parts,0,5,0%,39
suzuki mehran modification parts,0,5,0%,39.4
front grill,0,5,0%,40.6
alsvin parts,0,5,0%,41.2
changan alsvin parts,0,5,0%,41.2
car dashboard fragrance,0,5,0%,42.4
car led bulb,0,5,0%,43
leather steering wheel cover,0,5,0%,45.6
honda car accessories,0,5,0%,46
led headlights for cars,0,5,0%,46
steering cover leather,0,5,0%,46.6
spoiler for cars,0,5,0%,47
vehicleaccessories,0,5,0%,49.2
car interior accessories,0,5,0%,52
accessories,0,4,0%,5.75
bumper skirt,0,4,0%,6
car universal,0,4,0%,6.25
universal accessories,0,4,0%,6.5
quarter window louvers,0,4,0%,6.75
spoiler corolla 2015,0,4,0%,6.75
carbon fibre side mirror cover,0,4,0%,7
side skirts universal,0,4,0%,7.5
car multimedia control,0,4,0%,7.75
mobile shop near me,0,4,0%,7.75
side skirting,0,4,0%,7.75
delivery charges,0,4,0%,8
toyota corolla 2015 accessories,0,4,0%,8.25
corolla 2018 body kit,0,4,0%,8.75
honda city 2016 accessories,0,4,0%,9.25
front bumper splitter,0,4,0%,9.5
dashboard light strip,0,4,0%,9.75
back splitter car,0,4,0%,10.5
quarter glass cover,0,4,0%,10.75
led indicators,0,4,0%,11
abs plastic side skirts,0,4,0%,15.5
car side splitters,0,4,0%,15.5
honda city modulo kit,0,4,0%,19.25
fun gesture led,0,4,0%,22.25
honda civic 2005 spoiler,0,4,0%,22.75
toyota corolla multimedia steering,0,4,0%,24.25
honda city gear knob,0,4,0%,24.5
passo accessories,0,4,0%,24.75
honda civic accessories,0,4,0%,25.5
corolla spoiler,0,4,0%,27.5
honda city side mirror cover,0,4,0%,28.25
passo car accessories,0,4,0%,28.25
civic fender light,0,4,0%,29
honda city mirror cover,0,4,0%,30.75
suzuki liana parts,0,4,0%,31.75
toyota corolla car accessories,0,4,0%,31.75
honda civic spoiler,0,4,0%,32.25
corolla 2012 front grill,0,4,0%,32.75
baic bj40 accessories,0,4,0%,33
suzuki mehran accessories,0,4,0%,34
civic spoiler,0,4,0%,34.5
car head light,0,4,0%,36.25
corolla side mirror cover,0,4,0%,37.25
car accessories in pakistan,0,4,0%,37.5
underglow car lights,0,4,0%,37.75
cut off exhaust price in pakistan,0,4,0%,38.25
led headlight bulbs,0,4,0%,39
headlight bulbs,0,4,0%,39.25
headlight bulb,0,4,0%,39.5
baic bj40 off-road accessories,0,4,0%,40.75
car headlights,0,4,0%,42.25
led light bulb for car,0,4,0%,42.75
air compressor double cylinder,0,4,0%,43.75
car led,0,4,0%,43.75
honda clarity for sale in pakistan,0,4,0%,44.25
toyota fortuner accessories,0,4,0%,45.25
suzuki liana bumper,0,4,0%,45.5
wagon r body kit price in pakistan,0,4,0%,46
spoiler,0,4,0%,46.75
car assosories,0,4,0%,47
kia picanto spare parts,0,4,0%,48
honda odyssey price in pakistan,0,4,0%,48.75
makeup pouch,0,4,0%,50.75
car perfume,0,4,0%,54
car window shades,0,4,0%,64.5
honda city handle cover,0,3,0%,2
honda civic 11th gen front lip,0,3,0%,2
aqua kits,0,3,0%,2.67
heads up display universal,0,3,0%,3.67
universal car side skirts,0,3,0%,3.67
bumper skirts,0,3,0%,4
emergency strip,0,3,0%,4.33
front bumper skirt,0,3,0%,4.33
led,0,3,0%,4.67
led hand sign for car,0,3,0%,4.67
side skirt splitter,0,3,0%,4.67
w16w led bulb,0,3,0%,4.67
honda city paddle shifters,0,3,0%,5.33
car indicator light price,0,3,0%,5.67
civic 2014 body kit,0,3,0%,5.67
hyundai elantra hybrid body kit,0,3,0%,5.67
2026 hyundai elantra body kit,0,3,0%,6
corolla 2011 body kit,0,3,0%,6.33
corolla e170 modified,0,3,0%,6.33
universal side skirt splitters,0,3,0%,6.33
car skirts body kit,0,3,0%,7
mirror cover,0,3,0%,7
x card for car,0,3,0%,7
car led indicator,0,3,0%,7.33
corolla 2008 body kit,0,3,0%,7.33
honda city 2014 body kit,0,3,0%,7.33
price,0,3,0%,7.33
rear splitter car,0,3,0%,7.33
splitter body kit,0,3,0%,8
car hanging x card,0,3,0%,8.67
civic 11th gen spoiler,0,3,0%,8.67
side spliter,0,3,0%,8.67
splitter kit,0,3,0%,8.67
window louvers price,0,3,0%,8.67
honda civic 11th gen front bumper,0,3,0%,9
car showpiece for dashboard,0,3,0%,9.33
ducktail spoiler corolla,0,3,0%,9.33
honda city gear cover,0,3,0%,9.33
amber grill lights,0,3,0%,9.67
car.pk,0,3,0%,9.67
corolla carbon fiber steering wheel,0,3,0%,9.67
skirt car,0,3,0%,9.67
front lip splitter,0,3,0%,10.33
solar aeroplane for car dashboard,0,3,0%,10.33
car head up display,0,3,0%,10.67
car splitter price,0,3,0%,10.67
car pk,0,3,0%,11
toyota yaris roof spoiler,0,3,0%,11.67
rebirth accessories,0,3,0%,13
civic x gear knob,0,3,0%,14
toyota corolla carbon fiber steering wheel,0,3,0%,14
honda city steering trim,0,3,0%,14.33
honda rebirth accessories,0,3,0%,16
indicator led bulb,0,3,0%,16.67
flasher lights price in pakistan,0,3,0%,18
honda city 2020 accessories,0,3,0%,18
hyundai sonata accessories,0,3,0%,18.67
indicator light,0,3,0%,19.67
best car accessories,0,3,0%,21.33
front splitters,0,3,0%,23.67
toyota corolla accessories in pakistan,0,3,0%,24.67
abs plastic front splitter,0,3,0%,25.33
city car decoration,0,3,0%,25.33
multimedia steering for corolla 2012,0,3,0%,25.33
honda brv side mirror price in pakistan,0,3,0%,25.67
toyota corolla 2013 back light price in pakistan,0,3,0%,26
corolla multimedia steering,0,3,0%,27.33
car exhaust,0,3,0%,27.67
side splitter car,0,3,0%,28
honda brv spare parts,0,3,0%,30
suzuki alto spoiler,0,3,0%,31.67
cars accessories in pakistan,0,3,0%,32
ambient lighting,0,3,0%,33.67
civic x side mirror cover,0,3,0%,33.67
suzuki liana headlights,0,3,0%,34.67
car led headlight bulbs,0,3,0%,35
grande x bumper price in pakistan,0,3,0%,35
multimedia steering for corolla 2015,0,3,0%,35.33
led car head lights,0,3,0%,35.67
tail lights toyota corolla,0,3,0%,35.67
kia sportage cover,0,3,0%,36
toyota steering logo,0,3,0%,36
civic spoilers,0,3,0%,36.67
cultus car accessories,0,3,0%,37
headlight bulb for car,0,3,0%,37
mehran car accessories,0,3,0%,37
led bulb for car headlight,0,3,0%,37.33
mark x vertiga bumper,0,3,0%,37.33
nike lights corolla,0,3,0%,37.33
head up display,0,3,0%,38
headlight bulb car,0,3,0%,38
led for headlights,0,3,0%,38
haval h6 key cover,0,3,0%,38.67
mark x front grill,0,3,0%,38.67
car headlight bulbs,0,3,0%,39
toiletry bag pakistan,0,3,0%,40
makeup pouches online pakistan,0,3,0%,40.33
spoiler car,0,3,0%,40.33
car indicators,0,3,0%,42
led lights for vehicles,0,3,0%,42
oshan x7 accessories,0,3,0%,42.33
led head lights for car,0,3,0%,42.67
honda vezel parts,0,3,0%,43
mg hs accessories,0,3,0%,43
suzuki liana android panel,0,3,0%,44.33
side mirror cover for swift,0,3,0%,45.67
car bulbs,0,3,0%,47.67
fortuner accessories,0,3,0%,48.67
led for car,0,3,0%,48.67
body kit,0,3,0%,51.33
car key cover,0,3,0%,55
vehicle accessories,0,3,0%,56
carzcrew,0,3,0%,77
toiletry bag,0,3,0%,93.33
body kits for hyundai elantra,0,2,0%,1
corolla batman,0,2,0%,1
digital hud,0,2,0%,1
front skirt car,0,2,0%,1
hyundai elantra bodykit,0,2,0%,1
led hand for car window,0,2,0%,1
yaris hatchback spoiler,0,2,0%,1
car modified lights,0,2,0%,2
civic bumper lip,0,2,0%,2
images,0,2,0%,2
window.light logo = ' wordle,0,2,0%,2
craze car,0,2,0%,2.5
crazy carz,0,2,0%,2.5
front skirt for car,0,2,0%,2.5
side skirts and front splitter,0,2,0%,3
yes,0,2,0%,3
brembo covers brake caliper,0,2,0%,3.5
bumper skirt for car,0,2,0%,3.5
rear quarter window louvers,0,2,0%,3.5
toyota corolla 2026 body kit,0,2,0%,3.5
crazzy,0,2,0%,4
led footwell lights,0,2,0%,4
suzuki swift 2024 body kit,0,2,0%,4
toyota corolla 2015 spoiler,0,2,0%,4
elantra hybrid body kit,0,2,0%,5
hud projector,0,2,0%,5
rear splitter,0,2,0%,5
swift rs body kit,0,2,0%,5
car side glass cover,0,2,0%,5.5
funny led,0,2,0%,5.5
sos led,0,2,0%,5.5
steering audio control,0,2,0%,5.5
2018 corolla body kit,0,2,0%,6
2022 toyota corolla le body kit,0,2,0%,6
toyota corolla 2018 body kit,0,2,0%,6
x hanging for car,0,2,0%,6
car skirt front,0,2,0%,6.5
car window mirror cover,0,2,0%,6.5
osram projector,0,2,0%,6.5
w16w bulb,0,2,0%,6.5
car gesture light,0,2,0%,7
hand gesture light,0,2,0%,7
osram projector headlight,0,2,0%,7
rear window light,0,2,0%,7
carbon fiber side mirror,0,2,0%,7.5
crass car,0,2,0%,7.5
crazy car store,0,2,0%,7.5
honda city 2009 body kit,0,2,0%,7.5
honda city 2012 body kit,0,2,0%,7.5
toyota corolla 2011 body kit,0,2,0%,7.5
abs splitter,0,2,0%,8
bonnet spacers,0,2,0%,8
chery tiggo 4 pro key cover,0,2,0%,8
graze car,0,2,0%,8
honda city 2013 body kit,0,2,0%,8
indicator bulb price,0,2,0%,8
rgb indicator,0,2,0%,8
side skirts cars,0,2,0%,8
skirt for car,0,2,0%,8
skirting car,0,2,0%,8
skort car,0,2,0%,8
x card car perfume,0,2,0%,8
7d vs 9d mats,0,2,0%,8.5
ac vent light,0,2,0%,8.5
car door mirror cover,0,2,0%,8.5
car gear,0,2,0%,8.5
carbon fiber mirrors,0,2,0%,8.5
civic 11th gen body kit,0,2,0%,8.5
elantra bodykit,0,2,0%,8.5
led turn indicator,0,2,0%,8.5
3 piece splitter,0,2,0%,9
car back mirror eyes light,0,2,0%,9
car indicator light,0,2,0%,9
halogen indicator,0,2,0%,9
police grill light for car,0,2,0%,9
skirts car,0,2,0%,9
toyota aqua bodykit,0,2,0%,9
amber grill,0,2,0%,9.5
car front splitter,0,2,0%,9.5
difference between 7d and 9d mats,0,2,0%,9.5
hood spacer,0,2,0%,9.5
led indicator lights,0,2,0%,9.5
led indicator price,0,2,0%,9.5
universal rear bumper splitter,0,2,0%,9.5
car heads up display,0,2,0%,10
car splitter kit,0,2,0%,10
hud car head up display,0,2,0%,10
rear diffuser,0,2,0%,10
led indicator bulb for car,0,2,0%,10.5
police light for car front grill,0,2,0%,10.5
car rear bumper lip,0,2,0%,11
side splitter,0,2,0%,11
2010 corolla body kit,0,2,0%,11.5
hud car,0,2,0%,12
rear side skirts,0,2,0%,12
rizz cars,0,2,0%,12
side mirror covers for cars,0,2,0%,12
x hanging,0,2,0%,12
honda city batman side mirror,0,2,0%,13
multimedia steering,0,2,0%,13.5
alsvin spoiler,0,2,0%,14.5
corolla body kit 2012,0,2,0%,15.5
mugen body kit,0,2,0%,16
x bumper price in pakistan,0,2,0%,16
deepal s05 spare parts,0,2,0%,16.5
steering controls,0,2,0%,16.5
led hand auto,0,2,0%,17
car skirt panel,0,2,0%,18
corolla ducktail spoiler,0,2,0%,18
honda civic x spoiler,0,2,0%,18
alto roof spoiler,0,2,0%,18.5
led fun gesture,0,2,0%,20.5
civic x accessories pakistan,0,2,0%,21.5
civic 2005 spoiler,0,2,0%,25
honda city spoiler price,0,2,0%,25
2023 hyundai elantra body kit,0,2,0%,26
carbon fiber steering cover,0,2,0%,26
side splitter for car,0,2,0%,26
sonata accessories,0,2,0%,26
2020 hyundai sonata accessories,0,2,0%,27
car headlight price in pakistan,0,2,0%,27.5
gesture light,0,2,0%,28.5
aqua car accessories,0,2,0%,29
carbon fiber steering wheel cover,0,2,0%,30.5
yaris accessories pakistan,0,2,0%,30.5
mehran car decoration parts,0,2,0%,31
mehran decoration parts,0,2,0%,31.5
suzuki cultus air bag price in pakistan,0,2,0%,31.5
reborn modifications,0,2,0%,32
car gadgets pakistan,0,2,0%,33
car spoilers price,0,2,0%,33
honda reborn body kit,0,2,0%,33
led headlights for cars price in pakistan,0,2,0%,33
multimedia steering for alto,0,2,0%,34
toyota yaris spoilers,0,2,0%,34
ambience light,0,2,0%,34.5
alto back lights,0,2,0%,35.5
corolla tail lights,0,2,0%,35.5
honda crz price in pakistan,0,2,0%,35.5
spoiler for alto,0,2,0%,35.5
carzstore,0,2,0%,36
led under car,0,2,0%,36
head light bulb,0,2,0%,36.5
suzuki cultus accessories,0,2,0%,36.5
kia sportage car cover,0,2,0%,37
car dashboard perfume,0,2,0%,37.5
car exhaust system,0,2,0%,37.5
carbon fiber car,0,2,0%,37.5
led lights headlights,0,2,0%,37.5
nike style headlights for corolla 2012,0,2,0%,37.5
suzuki mehran decoration parts,0,2,0%,37.5
sun shades for car,0,2,0%,38
car seat covers pakistan,0,2,0%,38.5
led lights car headlights,0,2,0%,38.5
mehran modification parts,0,2,0%,38.5
underglow lights for cars,0,2,0%,38.5
vxr body kit,0,2,0%,38.5
online car accessories pakistan,0,2,0%,39
headlights bulbs for cars,0,2,0%,40
honda city key cover,0,2,0%,40
led headlight for car,0,2,0%,40
car headlights bulb,0,2,0%,40.5
car seat cover price in pakistan,0,2,0%,40.5
honda city immobilizer cover,0,2,0%,40.5
baic bj40 aftermarket accessories,0,2,0%,41
jumper cables for car,0,2,0%,41
key cover for honda city,0,2,0%,41
tail light,0,2,0%,41.5
changan alsvin spare parts,0,2,0%,42
led headlight,0,2,0%,42
car muffler tip,0,2,0%,43
car key cover honda city,0,2,0%,43.5
car polish,0,2,0%,43.5
online car accessories in pakistan,0,2,0%,43.5
dashboard cover,0,2,0%,44
led car lights,0,2,0%,44
mark x lights,0,2,0%,44.5
car seat covers,0,2,0%,45
baic bj40 modification,0,2,0%,45.5
double cylinder air compressor,0,2,0%,45.5
sterring cover,0,2,0%,45.5
car accessories wholesale in pakistan,0,2,0%,46
car geek,0,2,0%,46.5
car mats pakistan,0,2,0%,47
led light strips for cars,0,2,0%,47
honda city modification,0,2,0%,49.5
caraccessories,0,2,0%,52
what materials are side mirror covers made from and why does it matter?,0,2,0%,56
automotive accessories,0,2,0%,61
krazy car,0,2,0%,65
abs plastic bumper,0,1,0%,1
body kit corolla 2024,0,1,0%,1
brake caliper covers brembo,0,1,0%,1
bumper diffuser for car,0,1,0%,1
car decoration shop near me,0,1,0%,1
car decorations accessories,0,1,0%,1
car decors near me,0,1,0%,1
car modification near me,0,1,0%,1
car parking near me,0,1,0%,1
car shop near me,0,1,0%,1
car side window louvers,0,1,0%,1
car steering shop near me,0,1,0%,1
carbon fiber car parts,0,1,0%,1
carbon fiber mirror cover,0,1,0%,1
cars lifter,0,1,0%,1
civic x steering,0,1,0%,1
corolla 2015 body kit,0,1,0%,1
corolla back bumper lights,0,1,0%,1
corolla monogram,0,1,0%,1
corolla trunk spoiler,0,1,0%,1
emergency grill,0,1,0%,1
h11 switchback led fog lights,0,1,0%,1
honda city 2019 modulo body kit,0,1,0%,1
hud digital speedometer,0,1,0%,1
interior lights,0,1,0%,1
led turn indicator for car,0,1,0%,1
mark x x120,0,1,0%,1
mobile accessories shop near me,0,1,0%,1
picture,0,1,0%,1
pk car accessories,0,1,0%,1
quarter window,0,1,0%,1
raze car,0,1,0%,1
side kits,0,1,0%,1
side lip car,0,1,0%,1
side louvers,0,1,0%,1
side skirt of car,0,1,0%,1
toyota corolla 2014-2018,0,1,0%,1
toyota corolla rs,0,1,0%,1
toyota corolla yarasa ayna,0,1,0%,1
toyota mark x x120,0,1,0%,1
toyota raize side mirror,0,1,0%,1
wo kann man das kaufen,0,1,0%,1
x car hanging,0,1,0%,1
xis car,0,1,0%,1
yellow brembo brake caliper covers,0,1,0%,1
ขอดูรูปหน่อย,0,1,0%,1
2011 civic,0,1,0%,2
abs plastic,0,1,0%,2
car cover maker near me,0,1,0%,2
car galaxy light,0,1,0%,2
car z,0,1,0%,2
cardboard car showroom,0,1,0%,2
corolla 170,0,1,0%,2
crasy cars,0,1,0%,2
crazy for cars,0,1,0%,2
crazycar,0,1,0%,2
honda civic 2025 body kit,0,1,0%,2
honda civic handbrake cover,0,1,0%,2
karzy,0,1,0%,2
krazzy all part,0,1,0%,2
mirror side cover,0,1,0%,2
paddle shifters for honda city,0,1,0%,2
pakistan price,0,1,0%,2
show with reference,0,1,0%,2
side skirt of a car,0,1,0%,2
toyota corolla 2021 body kit,0,1,0%,2
toyota corolla rear spoiler,0,1,0%,2
vs 7d,0,1,0%,2
yaris batman,0,1,0%,2
ye konsi car hai,0,1,0%,2
عکس,0,1,0%,2
accesseries,0,1,0%,3
brembo yellow,0,1,0%,3
bumbers,0,1,0%,3
carbon fibre,0,1,0%,3
carix,0,1,0%,3
corolla e150,0,1,0%,3
flash store,0,1,0%,3
footwell led lights,0,1,0%,3
front bumper skirts,0,1,0%,3
front lip honda civic 11th gen,0,1,0%,3
front splitter car,0,1,0%,3
how much will it cost,0,1,0%,3
local shops near by,0,1,0%,3
parking car,0,1,0%,3
pic,0,1,0%,3
toyota corolla body kit 2024,0,1,0%,3
universal front splitter,0,1,0%,3
video,0,1,0%,3
air compressor pump,0,1,0%,4
car dashboard aeroplane,0,1,0%,4
car front skirt,0,1,0%,4
car mattress,0,1,0%,4
car speed projector,0,1,0%,4
corolla 2009 body kit,0,1,0%,4
cover price,0,1,0%,4
front skirting,0,1,0%,4
honda city batman mirror cover,0,1,0%,4
honda civic 2007 body kit,0,1,0%,4
honda civic front lip 11th gen,0,1,0%,4
hud car display,0,1,0%,4
hyundai elantra body kits,0,1,0%,4
led angel,0,1,0%,4
led indicator light,0,1,0%,4
price in pakistan,0,1,0%,4
skirt bumper,0,1,0%,4
skirts for cars,0,1,0%,4
smoked led indicators,0,1,0%,4
speed projector for car,0,1,0%,4
what is the price,0,1,0%,4
圖片,0,1,0%,4
2008 corolla body kit,0,1,0%,5
aa,0,1,0%,5
brembo brake caliper covers,0,1,0%,5
caliper cover brembo,0,1,0%,5
car hand light,0,1,0%,5
carbon fiber side mirror covers,0,1,0%,5
cars pick,0,1,0%,5
civic front bumper lip,0,1,0%,5
footwell lights for car,0,1,0%,5
front skirts car,0,1,0%,5
hand light for car,0,1,0%,5
in karachi,0,1,0%,5
price card,0,1,0%,5
reborn gr,0,1,0%,5
skirts for car,0,1,0%,5
splitter lip,0,1,0%,5
toyota corolla accessories 2026,0,1,0%,5
2005,0,1,0%,6
byd shark 6 accessories pakistan,0,1,0%,6
car ac vent ambient light,0,1,0%,6
car cover outdoor,0,1,0%,6
car indicator bulb price,0,1,0%,6
car lock cap,0,1,0%,6
carbon fiber car accessories,0,1,0%,6
carbon fiber mirror caps,0,1,0%,6
corolla e120,0,1,0%,6
fender markers,0,1,0%,6
floor mat,0,1,0%,6
honda city automatic gear knob cover,0,1,0%,6
honda civic splitter kit,0,1,0%,6
led turn signal light,0,1,0%,6
mobile store near me within 1.6 km,0,1,0%,6
reborn accessories shop,0,1,0%,6
shop open near me,0,1,0%,6
side skirt body kit,0,1,0%,6
small led indicator lights,0,1,0%,6
toyota corolla 2009-2012,0,1,0%,6
universal car front splitter,0,1,0%,6
universal car skirts,0,1,0%,6
aeroplane for car dashboard,0,1,0%,7
auto blocker,0,1,0%,7
car gadget pro,0,1,0%,7
car keychains,0,1,0%,7
car pick,0,1,0%,7
car side splitter,0,1,0%,7
civic 11th gen interior,0,1,0%,7
cray car,0,1,0%,7
from outside,0,1,0%,7
gear panel cover,0,1,0%,7
glow hand for car window,0,1,0%,7
hand gesture light for car,0,1,0%,7
handle covers,0,1,0%,7
honda city 2011 body kit,0,1,0%,7
how much to fix indicator light,0,1,0%,7
interior led car,0,1,0%,7
kia sportage 2019 accessories,0,1,0%,7
led side indicator,0,1,0%,7
lighting shops near me,0,1,0%,7
rear diffuser universal,0,1,0%,7
rear splitters,0,1,0%,7
reborn multimedia steering,0,1,0%,7
salary car login,0,1,0%,7
side led indicator for car,0,1,0%,7
side skirting for car,0,1,0%,7
skirt of car,0,1,0%,7
splitter for cars,0,1,0%,7
toyota corolla 2008 body kit,0,1,0%,7
toyota corolla ambient light,0,1,0%,7
toyota corolla e170 modified,0,1,0%,7
universal hud,0,1,0%,7
with images,0,1,0%,7
11th gen civic paddle shifters,0,1,0%,8
2011 toyota corolla body kit,0,1,0%,8
ac vent ambient light,0,1,0%,8
after market head up display,0,1,0%,8
black side skirts,0,1,0%,8
car interior accessories pakistan,0,1,0%,8
car shorts,0,1,0%,8
car side body kit,0,1,0%,8
diggi spoiler,0,1,0%,8
e170 car,0,1,0%,8
elantra modified body kit,0,1,0%,8
emergency light led strip,0,1,0%,8
foot well light,0,1,0%,8
footwell lights car,0,1,0%,8
front brake cover,0,1,0%,8
front skirts,0,1,0%,8
funny lights,0,1,0%,8
indikator car,0,1,0%,8
led indicator light for car,0,1,0%,8
led indicator light price,0,1,0%,8
mirror cover carbon fiber,0,1,0%,8