slug,name,articleNo,material,dimensions,weight,pieceCount,fixingMethod,paintStatus,finish,installationDifficulty,installationTimeMinutes,warrantyDays,powerDraw,voltage,fitment_universal,fitment_note,does_not_fit,fits
2-pcs-set-alto-660cc-audi-style-side-fender-indicator-in-smoke-color,2 Pcs Set Alto 660cc Audi Style Side Fender Indicator in Smoke Color,CC-0023,,,,,,,,,,,,,,,,
2pcs-front-bumper-lip-splitter-chin-spoiler-for-honda-civic-11th-gen-2022-2026-gloss-black,Honda Civic 11th Gen 2022-2026 Front Bumper Lip Splitter,CC-0139,,,,,,,,,,,,,,,,
3-color-switchback-fog-led-light-with-flasher-h11-white-yellow-blue-2-pcs,4-Color Switchback Fog LED Light H11 2PCS,CC-FG-3CLR-H11,,,,,,,,,,,,,,,,
4-in-1-45w-fast-car-charger-usb-type-c-built-in-ios-android-cable,4-in-1 45W Fast Car Charger USB Type-C,CC-0181,,,,,,,,,,,,,,,,
air-compressor-dual-cylinder-full-kit-with-box-auto-inflator-pump,Air Compressor Dual Cylinder Full Kit With Box Auto Inflator Pump,CC-UNI-142,,,,,,,,,,,,,,,,
audi-a4-premium-metal-key-cover,Audi A4 Premium Metal Key Cover,CC-KC-AUDIA4,,,,,,,,,,,,,,,,
audi-a5-premium-metal-key-cover,Audi A5 Premium Metal Key Cover,CC-KC-AUDIA5,,,,,,,,,,,,,,,,
baic-bj40-premium-metal-key-cover,BAIC BJ40 Premium Metal Key Cover,CC-KC-BAICBJ40,,,,,,,,,,,,,,,,
batman-style-side-mirror-cover-toyota-aqua-2012-present,Batman Style Side Mirror Cover – Toyota Aqua 2012-Present,CC-TAQ-EXT-SMC-CF,,,,,,,,,,,,,,,,
batman-style-side-mirror-cover-toyota-vitz-2010-present,Batman Style Side Mirror Cover – Toyota Vitz 2010-Present,CC-TVZ-EXT-SMC-CF,,,,,,,,,,,,,,,,
batman-style-side-mirror-cover-toyota-yaris-2020-2026,Batman Style Side Mirror Cover – Toyota Yaris 2020-2026,CC-TYR-EXT-SMC-CF,,,,,,,,,,,,,,,,
bright-led-indicator-bulbs-2-pcs,Bright LED Indicator Bulbs 2PCS – Universal,CC-UNI-LGT-IND-W40,,,,,,,,,,,,,,,,
byd-atto-3-2025-2026-tpe-floor-mats-premium,BYD Atto 3 2025-2026 TPE Floor Mats Premium,CC-INT-152,,,,,,,,,,,,,,,,
car-bonnet-hood-spacer-aluminum-2-pcs,Car Bonnet Hood Spacer Aluminum Lift Kit 2PCS,CC-0195,,,,,,,,,,,,,,,,
car-brembo-style-brake-caliper-covers-universal-fit,Brembo Style Brake Caliper Covers – Universal Fit,CC-UNI-EXT-BCC-RD,,,,,,,,,,,,,,,,
car-dashboard-ambient-light-strip-premium-2pcs,Car Dashboard Ambient Light Strip 2PCS,CC-0211,,,,,,,,,,,,,,,,
car-decoration-solar-powered-aeroplane,Solar Powered Aeroplane Car Dashboard Decoration,CC-0193,,,,,,,,,,,,,,,,
car-front-bumper-splitter-abs-plastic-3pcs,Batman Style Front Bumper Splitter ABS 3PCS,CC-0203,,,,,,,,,,,,,,,,
car-front-bumper-splitter-abs-plastic-4pcs,Universal Front Bumper Splitter ABS Plastic 4PCS,CC-UNI-EXT-FBL-4PC-BK,,,,,,,,,,,,,,,,
car-grill-white-flashers-strobe-led-4pcs,"Car Grill White Flashers, Strobe light - 4X4  4 PCs",CC-0208,,,,,,,,,,,,,,,,
car-heads-up-display-hud,Universal Heads Up Display HUD Car Speed Projector,CC-0144,,,,,,,,,,,,,,,,
car-interior-ambient-lights-5-point-dashboard-doors,Car Interior Ambient Lights 5 Point Dashboard + Doors,CC-0210,,,,,,,,,,,,,,,,
car-modified-stainless-steel-exhaust-tip,Stainless Steel Exhaust Tip – Universal Car Fit,CC-UNI-EXT-EXT-A1,,,,,,,,,,,,,,,,
car-rear-bumper-splitter-cut-style-universal,Car Rear Bumper Splitter Cut Style Universal Lip,CC-0204,,,,,,,,,,,,,,,,
car-rear-bumper-splitter-simple-universal,Car Rear Bumper Splitter Simple Universal Rear Lip,CC-0206,,,,,,,,,,,,,,,,
car-rgb-atmosphere-light-interior-footwell-led-lights-4-pcs,Car RGB Atmosphere Light – Interior Footwell LED Lights 4 PCS,CC-UNI-LGT-RGB-APP,,,,,,,,,,,,,,,,
car-side-splitter-abs-plastic-4pcs,Gloss Black Side Skirts ABS Plastic 4PCS,CC-0205,,,,,,,,,,,,,,,,
carbon-fiber-dashboard-trim-for-honda-civic-11th-gen-2022-2026,Honda Civic 11th Gen 2022–2026 Carbon Fiber Dashboard Trim,CC-0141,,,,,,,,,,,,,,,,
carbon-fiber-door-handle-covers-for-hyundai-elantra-2020-2024-cn7-4pcs,Hyundai Elantra 2020-2024 Carbon Fiber Door Handle Covers 4PCS CN7,CC-0136,,,,,,,,,,,,,,,,
carbon-fiber-door-handle-covers-for-hyundai-sonata-2020-2024-dn8-4pcs,Hyundai Sonata 2020-2024 Carbon Door Handle Covers 4PCS,CC-0132,,,,,,,,,,,,,,,,
carbon-fiber-door-handle-covers-hyundai-elantra-hybrid-2025-present-4pcs,Hyundai Elantra Hybrid 2025-Present Carbon Fiber Door Handle Covers 4PCS,CC-0134,,,,,,,,,,,,,,,,
carbon-fiber-gear-shift-console-trim-for-toyota-corolla-2014-2018-e170,Toyota Corolla 2014-2018 Carbon Gear Shift Console Trim,CC-0138,,,,,,,,,,,,,,,,
carbon-fiber-hand-stitched-steering-wheel-cover,Carbon Fiber Hand Stitched Steering Wheel Cover – Universal Fit,CC-0200,,,,,,,,,,,,,,,,
carbon-fiber-side-air-flow-vents-fender-trim,Carbon Fiber Side Air Flow Fender Vents Trim Pair,CC-0123,,,,,,,,,,,,,,,,
carbon-fiber-side-mirror-cover-hyundai-elantra-2020-2024,Hyundai Elantra 2020-2024 Carbon Fiber Side Mirror Cover CN7,CC-0137,,,,,,,,,,,,,,,,
carbon-fiber-side-mirror-cover-hyundai-elantra-hybrid-2025-present,Carbon Fiber Side Mirror Cover for Hyundai Elantra Hybrid 2025-Present,CC-0135,,,,,,,,,,,,,,,,
carbon-fiber-side-mirror-cover-hyundai-sonata-2020-2024,Hyundai Sonata 2020-2024 Carbon Fiber Side Mirror Cover DN8,CC-0133,,,,,,,,,,,,,,,,
carbon-fiber-side-mirror-cover-suzuki-swift-2025-present,Suzuki Swift 2025-Present Carbon Fiber Side Mirror Covers,CC-0131,,,,,,,,,,,,,,,,
carbon-fiber-steering-wheel-trim-for-honda-civic-11th-gen-2022-2026,Honda Civic 11th Gen 2022–2026 Carbon Fiber Steering Wheel Trim,CC-0142,,,,,,,,,,,,,,,,
carbon-fiber-window-power-control-trims-honda-civic-11th-gen-2022-2026-4pcs,Carbon Fiber Window Switch Control Trims for Honda Civic 11th Gen (2022-2026) - 4PCS,CC-0140,,,,,,,,,,,,,,,,
changan-alsvin-2021-2026-velvet-dashboard-mat,Changan Alsvin 2021-2026 Velvet Dashboard Mat,CC-INT-105,,,,,,,,,,,,,,,,
changan-alsvin-premium-metal-key-cover,Changan Alsvin Premium Metal Key Cover,CC-KC-CHANGANALSVIN,,,,,,,,,,,,,,,,
changan-alsvin-trunk-lip-spoiler,Changan Alsvin Trunk Lip Spoiler,CC-ALS-SPLR-LIP,,,,,,,,,,,,,,,,
changan-oshan-x7-2022-2026-tpe-floor-mats-premium,Changan Oshan X7 2022-2026 TPE Floor Mats Premium,CC-INT-144,,,,,,,,,,,,,,,,
changan-oshan-x7-2022-2026-velvet-dashboard-mat,Changan Oshan X7 2022-2026 Velvet Dashboard Mat,CC-INT-118,,,,,,,,,,,,,,,,
changan-oshan-x7-batman-style-side-mirror-covers,Changan Oshan X7 Batman Style Side Mirror Covers,CC-OX7-MIR-BAT,,,,,,,,,,,,,,,,
chery-tiggo-4-pro-premium-metal-key-cover,Cherry Tiggo 4 PRO Premium Metal Key Cover,CC-KC-CHERYTIGGO4PRO,,,,,,,,,,,,,,,,
chery-tiggo-8-pro-premium-metal-key-cover,Cherry Tiggo 8 PRO Premium Metal Key Cover,CC-KC-CHERYTIGGO8PRO,,,,,,,,,,,,,,,,
civic-rebirth-side-mirror-rgb-indicator,Civic Rebirth Side Mirror RGB Indicator,CC-LGT-204,,,,,,,,,,,,,,,,
civic-x-carbon-complete-deal,Honda Civic X Complete Carbon Interior and Exterior Styling Deal,CC-0182,,,,,,,,,,,,,,,,
corolla-e140-led-rear-reflector,Toyota Corolla E140 2008–2013 LED Rear Bumper Reflector Lights – Brake + DRL 3 in 1,CC-0147,,,,,,,,,,,,,,,,
corolla-e170-led-rear-reflector,Toyota Corolla E170 2014–2020 LED Rear Bumper Reflector Lights – Brake + DRL 3 in 1,CC-0146,,,,,,,,,,,,,,,,
corolla-e210-grande-led-rear-reflector,Toyota Corolla E210 Grande / Grande X LED Rear Bumper Reflector Lights – Brake + DRL,CC-0145,,,,,,,,,,,,,,,,
deal-1-toyota-corolla-15-26,Toyota Corolla 2015-2026 Accessories Bundle Deal Pack 1,CC-0188,,,,,,,,,,,,,,,,
deal-2-toyota-corolla-15-26,Toyota Corolla 2015-2026 Complete Accessories Bundle Deal Pack 2,CC-0187,,,,,,,,,,,,,,,,
deal-3-toyota-corolla-15-26,Toyota Corolla 2015-2026 Premium Accessories Bundle Deal Pack 3,CC-0186,,,,,,,,,,,,,,,,
deal-4-toyota-corolla-15-26,Toyota Corolla 2015-2026 Ultimate Accessories Bundle Deal Pack 4,CC-0185,,,,,,,,,,,,,,,,
deal-5-complete-body-kit-deal-front-splitter-side-skirts-back-bumper-lip,Complete Body Kit – Front Splitter Side Skirts Rear Lip,CC-UNI-EXT-BKT-BTM-GB-BTM,,,,,,,,,,,,,,,,
deepal-s05-batman-style-side-mirror-covers,Deepal S05 Batman Style Side Mirror Covers,CC-S05-MIR-BAT,,,,,,,,,,,,,,,,
devil-eye-led-rear-windshield-light,Devil Eye LED Car Rear Windshield Light 11 Modes,CC-0180,,,,,,,,,,,,,,,,
double-cylinder-air-compressor-pump,Double Cylinder Air Compressor Pump,CC-UNI-143,,,,,,,,,,,,,,,,
dynamic-car-underglow-lights,Dynamic Car Underglow RGB LED Underbody Kit,CC-0209,,,,,,,,,,,,,,,,
funny-window-hand-gesture-led-light,Funny Window Hand Gesture LED Light – Car Rear,CC-0194,,,,,,,,,,,,,,,,
glory-580-pro-premium-metal-key-cover,Glory 580 PRO Premium Metal Key Cover,CC-KC-GLORY580PRO,,,,,,,,,,,,,,,,
golden-lion-car-dashboard-decoration-sculpture,Golden Lion Car Dashboard Decoration Showpiece,CC-0191,,,,,,,,,,,,,,,,
grill-led-police-light-red-blue,Grill LED Police Light Red Blue Emergency Strobe,CC-UNI-LGT-POL-4X4R,,,,,,,,,,,,,,,,
hand-sewing-top-alcantara-suede-with-glossy-carbon-fiber-steering-wheel-cover,Hand Sewing Top Alcantara / Suede With Glossy Carbon Fiber Steering Wheel Cover,CC-0020,,,,,,,,,,,,,,,,
haval-h6-2021-present-carbon-door-handle-cover-abs,Haval H6 2021-Present Carbon Door Handle Cover,CC-0153,,,,,,,,,,,,,,,,
haval-h6-2023-2026-tpe-floor-mats-premium,Haval H6 2023-2026 TPE Floor Mats Premium,CC-INT-142,,,,,,,,,,,,,,,,
haval-h6-batman-style-side-mirror-cover,Haval H6 Batman Style Side Mirror Cover,CC-HAV-MIR-BAT,,,,,,,,,,,,,,,,
haval-h6-premium-metal-key-cover,Haval H6 Premium Metal Key Cover,CC-KC-HAVALH6,,,,,,,,,,,,,,,,
honda-br-v-2017-2026-tpe-floor-mats-premium,Honda BR-V 2017-2026 TPE Floor Mats Premium,CC-INT-148,,,,,,,,,,,,,,,,
honda-br-v-2017-2026-velvet-dashboard-mat,Honda BR-V 2017-2026 Velvet Dashboard Mat,CC-INT-124,,,,,,,,,,,,,,,,
honda-brv-batman-style-side-mirror-cover,Honda BR-V Batman Style Side Mirror Cover Carbon Fiber,CC-BRV-MIR-BAT,,,,,,,,,,,,,,,,
honda-brv-premium-metal-key-cover,Honda BRV Premium Metal Key Cover,CC-KC-HONDABRV,,,,,,,,,,,,,,,,
honda-carbon-steering-monogram-logo-emblem,Honda Carbon Steering Monogram Logo Emblem,CC-HON-INT-SMN-CF-1,,,,,,,,,,,,,,,,
honda-city-2008-2014-complete-body-kit,Honda City 2008-2014 Complete Body Kit,CC-0091,,,,,,,,,,,,,,,,
honda-city-2009-2020-premium-air-press-with-chrome-strip,Honda City 2009-2020 Premium Air Press With Chrome Strip,CC-EXT-203,,,,,,,,,,,,,,,,
honda-city-2009-2020-premium-metal-key-cover,Honda CITY 2009-2020 Premium Metal Key Cover,CC-KC-HONDACITY20092020,,,,,,,,,,,,,,,,
honda-city-2009-2020-sequential-side-mirror-indicators,Honda City 2009-2020 Side Mirror Sequential LED Indicators – Dynamic Turn Signals (Pair),CC-0124,,,,,,,,,,,,,,,,
honda-city-2009-2020-tpe-floor-mats-premium,Honda City 2009-2020 TPE Floor Mats Premium,CC-INT-139,,,,,,,,,,,,,,,,
honda-city-2009-2020-velvet-dashboard-mat,Honda City 2009-2020 Velvet Dashboard Mat,CC-INT-103,,,,,,,,,,,,,,,,
honda-city-2009-2021-multimedia-steering-wheel-buttons,Honda City 2009-2021 Multimedia Steering Wheel Buttons,CC-0011,,,,,,,,,,,,,,,,
honda-city-2009-2021-premium-metal-key-cover,Honda CITY 2009-2021 Premium Metal Key Cover,CC-KC-HONDACITY20092021,,,,,,,,,,,,,,,,
honda-city-2010-2020-trunk-lip-spoiler-mugen-style,Honda City 2010-2020 Mugen Style Trunk Lip Spoiler,CC-0128,,,,,,,,,,,,,,,,
honda-city-2012-2016-carbon-door-handle-cover-full-set,Honda City 2012-2016 Carbon Door Handle Cover Set,CC-0167,,,,,,,,,,,,,,,,
honda-city-2012-2016-carbon-fiber-side-mirror-cover,Honda City 2012-2016 Carbon Fiber Side Mirror Cover,CC-0168,,,,,,,,,,,,,,,,
honda-city-2012-2016-carbon-window-quarter-covers-pair,Honda City 2012-2016 Carbon Window Quarter Covers,CC-0166,,,,,,,,,,,,,,,,
honda-city-2015-2020-carbon-fiber-gear-lever-knob-cover,Honda City 2015-2020 Carbon Fiber Gear Lever Knob Cover,CC-0098,,,,,,,,,,,,,,,,
honda-city-2015-2021-modulo-style-body-kit-d1,Honda City 2015-2021 Modulo Style Body Kit D1,CC-0089,,,,,,,,,,,,,,,,
honda-city-2015-2021-sports-body-kit-d2,Honda City 2015-2021 Sports Body Kit D2,CC-0087,,,,,,,,,,,,,,,,
honda-city-2020-2026-carbon-door-handle-cover-abs,Honda City 2020-2026 Carbon Door Handle Cover Set,CC-0155,,,,,,,,,,,,,,,,
honda-city-2020-2026-carbon-window-quarter-covers-abs,Honda City 2020-2026 Carbon Window Quarter Covers,CC-0154,,,,,,,,,,,,,,,,
honda-city-2021-2025-drive-68-style-body-kit-fibreglass,Honda City 2021-2025 Drive 68 Style Body Kit Fibreglass,CC-0090,,,,,,,,,,,,,,,,
honda-city-2021-2025-modulo-style-body-kit-fibreglass,Honda City 2021-2025 Modulo Style Body Kit Fibreglass,CC-0088,,,,,,,,,,,,,,,,
honda-city-2021-2026-carbon-fiber-steering-wheel-paddle-shifters-pair,Honda City 2021-2026 Carbon Fiber Steering Wheel Paddle Shifters Pair,CC-0016,,,,,,,,,,,,,,,,
honda-city-2021-2026-tpe-floor-mats-premium,Honda City 2021-2026 TPE Floor Mats Premium,CC-INT-138,,,,,,,,,,,,,,,,
honda-city-2021-2026-txr-air-press-with-chrome,Honda City 2021-2026 TXR Air Press With Chrome,CC-EXT-105,,,,,,,,,,,,,,,,
honda-city-2021-2026-velvet-dashboard-mat,Honda City 2021-2026 Velvet Dashboard Mat,CC-INT-113,,,,,,,,,,,,,,,,
honda-city-2022-3-button-premium-metal-key-cover,Honda CITY 2022 3 Button Premium Metal Key Cover,CC-KC-HONDACITY20223BUTTON,,,,,,,,,,,,,,,,
honda-city-2022-batman-style-side-mirror-covers,Honda City 2022 Batman Style Side Mirror Covers,CC-0201,,,,,,,,,,,,,,,,
honda-city-2022-batman-style-side-mirror-covers-copy,Honda City 2022 Batman Style Side Mirror Covers (Copy),CC-0183,,,,,,,,,,,,,,,,
honda-city-new-model-trunk-lip-spoiler-2021-2026,Honda City 2021-2026 RS Style Trunk Lip Spoiler,CC-0129,,,,,,,,,,,,,,,,
honda-city-premium-fog-lights-with-covers-2012-2015,Honda City Premium Fog Lights With Covers 2012-2015,CC-EXT-112,,,,,,,,,,,,,,,,
honda-city-premium-fog-lights-with-covers-2020-2022,Honda City Premium Fog Lights With Covers 2020-2022,CC-EXT-113,,,,,,,,,,,,,,,,
honda-city-rgb-side-mirror-indicator-led-dynamic-mirror-lights,Honda City RGB Side Mirror Indicator (LED Dynamic Mirror Lights),CC-LGT-203,,,,,,,,,,,,,,,,
honda-civic-11th-gen-2022-2024-carbon-fiber-center-armrest-cover-trim,Honda Civic 2022-2026 Carbon Armrest Trim,CC-0103,,,,,,,,,,,,,,,,
honda-civic-11th-gen-2022-2024-carbon-fiber-center-console-gear-box-panel,Honda Civic 2022-2026 Carbon Gear Box Console Panel,CC-0102,,,,,,,,,,,,,,,,
honda-civic-11th-gen-2022-2024-carbon-fiber-dashboard-ac-air-vent-trims,Honda Civic 2022-2026 Carbon Dashboard AC Vent Trims,CC-0101,,,,,,,,,,,,,,,,
honda-civic-11th-gen-2022-2024-carbon-fiber-rear-armrest-air-vent-outlet-cover-trim,Honda Civic 2022-2026 Carbon Rear Armrest AC Vent Cover,CC-0100,,,,,,,,,,,,,,,,
honda-civic-11th-gen-2022-2024-carbon-fiber-roof-reading-light-trim-3pcs,Honda Civic 2022-2026 Carbon Roof Reading Light Trim 3PCS,CC-0099,,,,,,,,,,,,,,,,
honda-civic-11th-gen-2022-2026-carbon-fiber-steering-wheel-paddle-shifters-pair,Honda Civic 11th Gen 2022-2026 Carbon Fiber Steering Wheel Paddle Shifters Pair,CC-0017,,,,,,,,,,,,,,,,
honda-civic-11th-gen-2022-present-carbon-and-glossy-door-handle-cover-set,Honda Civic 11th Gen 2022 Carbon Door Handle Cover,CC-HC11-EXT-DHC-CF,,,,,,,,,,,,,,,,
honda-civic-11th-gen-2022-present-carbon-window-quarter-covers-pair,Honda Civic 11th Gen 2022 Carbon Window Quarter Covers,CC-0171,,,,,,,,,,,,,,,,
honda-civic-11th-gen-2022-present-roof-spoiler,Honda Civic 11th Gen 2022-Present Roof Spoiler,CC-0169,,,,,,,,,,,,,,,,
honda-civic-11th-gen-rs-style-trunk-spoiler-2022-present,Honda Civic 11th Gen 2022 RS Style Trunk Spoiler,CC-0170,,,,,,,,,,,,,,,,
honda-civic-2001-2005-rear-trunk-spoiler-unpainted-abs,Honda Civic 2001-2005 Rear Trunk Spoiler Unpainted ABS,CC-CIV-SPLR-ES,,,,,,,,,,,,,,,,
honda-civic-2007-2011-tpe-floor-mats-premium,Honda Civic 2007-2011 TPE Floor Mats Premium,CC-INT-153,,,,,,,,,,,,,,,,
honda-civic-2007-2011-velvet-dashboard-mat,Honda Civic 2007-2011 Velvet Dashboard Mat,CC-INT-114,,,,,,,,,,,,,,,,
honda-civic-2012-2015-front-show-grille,Honda Civic 2012-2015 Front Show Grille Premium Quality,CC-CIV-GRL-RBTH,,,,,,,,,,,,,,,,
honda-civic-2012-2015-velvet-dashboard-mat,Honda Civic 2012-2015 Velvet Dashboard Mat,CC-INT-107,,,,,,,,,,,,,,,,
honda-civic-2016-2021-premium-air-press-with-chrome-strip,Honda Civic 2016-2021 Premium Air Press With Chrome Strip,CC-EXT-104,,,,,,,,,,,,,,,,
honda-civic-2016-2021-tpe-floor-mats-premium,Honda Civic 2016-2021 TPE Floor Mats Premium,CC-INT-137,,,,,,,,,,,,,,,,
honda-civic-2016-21-velvet-dashboard-mat,Honda Civic 2016-21 Velvet Dashboard Mat,CC-INT-106,,,,,,,,,,,,,,,,
honda-civic-2022-2024-front-spike-splitter-canard-3pcs-abs,Honda Civic 2022-2024 Front Spike Splitter + Canard 3PCS ABS,CC-0081,,,,,,,,,,,,,,,,
honda-civic-2022-2024-front-spike-style-splitter-abs,Honda Civic 2022-2024 Front Spike Style Splitter ABS,CC-0082,,,,,,,,,,,,,,,,
honda-civic-2022-2024-yofer-style-body-kit-4pcs-abs,Honda Civic 2022-2024 Yofer Style Body Kit 4PCS ABS,CC-0068,,,,,,,,,,,,,,,,
honda-civic-2022-2024-yofer-style-body-kit-4pcs-fibreglass,Honda Civic 2022-2024 Yofer Style Body Kit 4PCS Fibreglass,CC-0067,,,,,,,,,,,,,,,,
honda-civic-2022-2025-mugen-style-body-kit-fibreglass,Honda Civic 2022-2025 Mugen Style Body Kit Fibreglass,CC-0078,,,,,,,,,,,,,,,,
honda-civic-2022-2026-tpe-floor-mats-premium,Honda Civic 2022-2026 TPE Floor Mats Premium,CC-INT-150,,,,,,,,,,,,,,,,
honda-civic-2022-2026-velvet-dashboard-mat,Honda Civic 2022-2026 Velvet Dashboard Mat,CC-INT-126,,,,,,,,,,,,,,,,
honda-civic-2022-batman-style-side-mirror-covers,Honda Civic 11th Gen 2022 Batman Style Mirror Covers,CC-HC11-EXT-SMC-GB,,,,,,,,,,,,,,,,
honda-civic-2022-premium-metal-key-cover,Honda Civic 2022 Premium Metal Key Cover,CC-KC-HONDACIVIC2022,,,,,,,,,,,,,,,,
honda-civic-3-button-premium-metal-key-cover,Honda Civic 3 Button Premium Metal Key Cover,CC-KC-HONDACIVIC3BUTTON,,,,,,,,,,,,,,,,
honda-civic-4-button-premium-metal-key-cover,Honda Civic 4 Button Premium Metal Key Cover,CC-KC-HONDACIVIC4BUTTON,,,,,,,,,,,,,,,,
honda-civic-back-bumper-aesthetic-drl-2018-2020,Honda Civic Back Bumper Aesthetic DRL 2018-2020,CC-LGT-103,,,,,,,,,,,,,,,,
honda-civic-diamond-style-si-grille-2016-2021-glossy-black-abs,Honda Civic Diamond Style SI Grille 2016-2021 Glossy Black ABS,CC-EXT-107,,,,,,,,,,,,,,,,
honda-civic-eyebrow-headlight-in-pair-2018-2021,Honda Civic Eyebrow Headlight In Pair 2018-2021,CC-LGT-105,,,,,,,,,,,,,,,,
honda-civic-front-bumper-elegant-drl-2022-2024,Honda Civic Front Bumper Elegant DRL 2022-2024,CC-EXT-114,,,,,,,,,,,,,,,,
honda-civic-front-bumper-heart-beat-line-drl-2018-2020,Honda Civic Front Bumper Heart Beat Line DRL 2018-2020,CC-EXT-115,,,,,,,,,,,,,,,,
honda-civic-front-bumper-mustang-drl-2018-2020,Honda Civic Front Bumper Mustang DRL 2018-2020,CC-EXT-116,,,,,,,,,,,,,,,,
honda-civic-front-bumper-turn-signal-drl-2016-2020,Honda Civic Front Bumper Turn Signal DRL 2016-2020,CC-EXT-117,,,,,,,,,,,,,,,,
honda-civic-premium-fog-lights-with-covers-2018-2020,Honda Civic Premium Fog Lights With Covers 2018-2020,CC-EXT-118,,,,,,,,,,,,,,,,
honda-civic-rebirth-2012-2015-carbon-door-handle-cover-full-set,Honda Civic Rebirth 2012-2015 Carbon Door Handle Cover,CC-0175,,,,,,,,,,,,,,,,
honda-civic-rebirth-2012-2015-carbon-side-mirror-cover-pair,Honda Civic Rebirth 2012–2015 Carbon Style Side Mirror Cover (Pair),CC-0176,,,,,,,,,,,,,,,,
honda-civic-rebirth-2012-2015-carbon-window-quarter-covers-pair,Honda Civic Rebirth 2012-2015 Carbon Window Quarter Covers,CC-0174,,,,,,,,,,,,,,,,
honda-civic-rebirth-2012-2015-complete-body-kit,Honda Civic Rebirth 2012-2015 Complete Body Kit,CC-0077,,,,,,,,,,,,,,,,
honda-civic-rebirth-2012-2016-front-spike-splitter-canard-3pcs,Honda Civic Rebirth 2012-2016 Front Spike Splitter Canard 3PCS,CC-0076,,,,,,,,,,,,,,,,
honda-civic-rebirth-chrome-front-grille-2012-2015,Honda Civic Rebirth Chrome Front Grille 2012-2015,CC-EXT-108,,,,,,,,,,,,,,,,
honda-civic-rebirth-ducktail-spoiler,Honda Civic Rebirth 2012-2016 Ducktail Trunk Spoiler,CC-0152,,,,,,,,,,,,,,,,
honda-civic-rebirth-front-mesh-grille-2014-2016-black-fiberglass,Honda Civic Rebirth Front Mesh Grille 2014-2016 Black Fiberglass,CC-EXT-109,,,,,,,,,,,,,,,,
honda-civic-rebirth-premium-metal-key-cover,Honda Rebirth Premium Metal Key Cover,CC-KC-HONDACIVICREBIRTH,,,,,,,,,,,,,,,,
honda-civic-reborn-2006-2011-body-kit-d1-crazzycars-pk,Honda Civic Reborn 2006-2011 Body Kit D1,CC-0074,,,,,,,,,,,,,,,,
honda-civic-reborn-2006-2011-body-kit-d3,Honda Civic Reborn 2006-2011 Body Kit D3,CC-0072,,,,,,,,,,,,,,,,
honda-civic-reborn-2006-2011-body-kit-d4-crazzycars-pk,Honda Civic Reborn 2006-2011 Body Kit D4,CC-0073,,,,,,,,,,,,,,,,
honda-civic-reborn-2006-2011-carbon-gear-shift-panel-cover,Honda Civic Reborn 2006-2011 Carbon Gear Shift Panel Cover,CC-0097,,,,,,,,,,,,,,,,
honda-civic-reborn-2006-2011-sportline-front-splitter-canards-red-black,Honda Civic Reborn 2006-2011 Sportline Front Splitter Canards Red Black,CC-0071,,,,,,,,,,,,,,,,
honda-civic-reborn-2006-2012-abs-plastic-roof-spoiler,Honda Civic Reborn 2006-2012 ABS Plastic Roof Spoiler,CC-0120,,,,,,,,,,,,,,,,
honda-civic-reborn-2006-2012-abs-roof-spoiler,Honda Civic Reborn 2006-2012 ABS Roof Spoiler Rear Window,CC-0121,,,,,,,,,,,,,,,,
honda-civic-reborn-2006-2012-carbon-door-handle-cover-set,Honda Civic Reborn 2006-2012 Carbon Door Handle Cover,CC-0178,,,,,,,,,,,,,,,,
honda-civic-reborn-2006-2012-carbon-side-mirror-cover,Honda Civic Reborn 2006–2012 Carbon Style Side Mirror Cover (Pair),CC-0179,,,,,,,,,,,,,,,,
honda-civic-reborn-2006-2012-carbon-window-quarter-covers-pair-1,Honda Civic Reborn 2006-2012 Carbon Window Quarter Covers,CC-0177,,,,,,,,,,,,,,,,
honda-civic-reborn-2006-2012-multimedia-steering-wheel-audio-control-buttons,Honda Civic Reborn 2006-2012 Multimedia Steering Wheel Audio Control Buttons,CC-0010,,,,,,,,,,,,,,,,
honda-civic-reborn-2007-2011-forged-carbon-gear-knob-cover,Honda Civic Reborn 2007-2011 Forged Carbon Gear Knob Cover,CC-0096,,,,,,,,,,,,,,,,
honda-civic-reborn-2007-2012-forged-carbon-hand-brake-cover,Honda Civic Reborn 2007-2012 Carbon Hand Brake Cover,CC-0095,,,,,,,,,,,,,,,,
honda-civic-reborn-2007-2013-gr-style-front-grille-black,Honda Civic Reborn 2007-2013 GR Style Front Grille Black,CC-0093,,,,,,,,,,,,,,,,
honda-civic-reborn-2007-front-rear-body-kit-with-side-skirts,Honda Civic Reborn 2007 Front Rear Body Kit with Side Skirts,CC-0075,,,,,,,,,,,,,,,,
honda-civic-reborn-2014-2015-modulo-style-body-kit,Honda Civic Rebirth 2014-2015 Modulo Style Body Kit,CC-0080,,,,,,,,,,,,,,,,
honda-civic-reborn-ducktail-spoiler,Honda Civic Reborn 2006-2012 Ducktail Trunk Spoiler,CC-0151,,,,,,,,,,,,,,,,
honda-civic-reborn-front-quarter-louver-2007-2012-stylish-side-vent-cover-pair,Honda Civic Reborn 2007-2012 Front Quarter Louver Pair,CC-0143,,,,,,,,,,,,,,,,
honda-civic-reborn-mugen-rr-rear-trunk-spoiler-2007-2011,Honda Civic Reborn 2007-2011 Mugen RR Rear Trunk Spoiler Unpainted ABS,CC-CIV-SPLR-MUG-RR,,,,,,,,,,,,,,,,
honda-civic-side-markers-fender-indicator-lights-2016-2021,Honda Civic Side Markers Fender Indicator Lights 2016-2021,CC-EXT-139,,,,,,,,,,,,,,,,
honda-civic-type-r-side-markers-fender-indicator-lights-2016-2021,Honda Civic Type R Side Markers Fender Indicator Lights 2016-2021,CC-EXT-140,,,,,,,,,,,,,,,,
honda-civic-type-r-style-carbon-fiber-cluster-control-interior-surround-trims-2016-2021,Honda Civic X 2016-2021 Type-R Carbon Cluster Trims,CC-0105,,,,,,,,,,,,,,,,
honda-civic-x-2016-2021-alien-style-front-grille-gloss-black,Honda Civic X 2016-2021 Alien Style Front Grille Gloss Black,CC-0094,,,,,,,,,,,,,,,,
honda-civic-x-2016-2021-ativus-style-body-kit-d3,Honda Civic X 2016-2021 Ativus Style Body Kit D3,CC-0086,,,,,,,,,,,,,,,,
honda-civic-x-2016-2021-ativus-style-body-kit-d7-4pcs,Honda Civic X 2016-2021 Ativus Style Body Kit D7 4PCS,CC-0085,,,,,,,,,,,,,,,,
honda-civic-x-2016-2021-back-mirror-rack-louver-fibreglass,Honda Civic X 2016-2021 Back Mirror Rack Louver Fibreglass,CC-0084,,,,,,,,,,,,,,,,
honda-civic-x-2016-2021-body-kit-d1,Honda Civic X 2016-2021 Body Kit D1,CC-0083,,,,,,,,,,,,,,,,
honda-civic-x-2016-2021-body-kit-d2,Honda Civic X 2016-2021 Body Kit D2,CC-0079,,,,,,,,,,,,,,,,
honda-civic-x-2016-2021-carbon-door-handle-cover-full-set,Honda Civic X 2016–2021 Carbon Style Door Handle Cover Full Set,CC-0173,,,,,,,,,,,,,,,,
honda-civic-x-2016-2021-carbon-fiber-ac-vent-trims,Honda Civic X 2016-2021 Carbon Fiber AC Vent Trims,CC-0117,,,,,,,,,,,,,,,,
honda-civic-x-2016-2021-carbon-fiber-ac-vent-trims-full-set,Honda Civic X 2016-2021 Carbon AC Steering Trim Full Set,CC-0110,,,,,,,,,,,,,,,,
honda-civic-x-2016-2021-carbon-fiber-armrest-box-cover-3pcs-center-console-panel-trim,Honda Civic X 2016-2021 Carbon Armrest Console Trim 3PCS,CC-0116,,,,,,,,,,,,,,,,
honda-civic-x-2016-2021-carbon-fiber-central-control-gear-shift-panel-trim-cover,Honda Civic X 2016-2021 Carbon Gear Shift Panel Cover,CC-0115,,,,,,,,,,,,,,,,
honda-civic-x-2016-2021-carbon-fiber-front-dashboard-trims-3pcs,Honda Civic X 2016-2021 Carbon Fiber Front Dashboard Trims 3PCS,CC-0005,,,,,,,,,,,,,,,,
honda-civic-x-2016-2021-carbon-fiber-gear-knob-cover,Honda Civic X 2016-2021 Carbon Fiber Gear Knob Cover,CC-0113,,,,,,,,,,,,,,,,
honda-civic-x-2016-2021-carbon-fiber-gear-panel-trim,Honda Civic X 2016-2021 Carbon Fiber Gear Panel Trim,CC-0006,,,,,,,,,,,,,,,,
honda-civic-x-2016-2021-carbon-fiber-gear-shift-lever-knob-cover-trim-3pc,Honda Civic X 2016-2021 Carbon Gear Shift Knob Trim 3PC,CC-0112,,,,,,,,,,,,,,,,
honda-civic-x-2016-2021-carbon-fiber-gear-shift-panel-trim,Honda Civic X 2016-2021 Carbon Gear Shift Panel Trim,CC-0106,,,,,,,,,,,,,,,,
honda-civic-x-2016-2021-carbon-fiber-interior-door-panel-trims-4pcs,Honda Civic X 2016-2021 Carbon Door Panel Trims 4PCS,CC-0108,,,,,,,,,,,,,,,,
honda-civic-x-2016-2021-carbon-fiber-interior-door-window-switch-covers,Honda Civic X 2016-2021 Carbon Door Window Switch Covers,CC-0107,,,,,,,,,,,,,,,,
honda-civic-x-2016-2021-carbon-fiber-steering-multimedia-trims,Honda Civic X 2016-2021 Carbon Steering Multimedia Trims,CC-0111,,,,,,,,,,,,,,,,
honda-civic-x-2016-2021-carbon-fiber-steering-wheel-paddle-shifters-pair,Honda Civic X 2016-2021 Carbon Fiber Steering Wheel Paddle Shifters Pair,CC-0018,,,,,,,,,,,,,,,,
honda-civic-x-2016-2021-carbon-inner-door-panel-trims-4pcs,Honda Civic X 2016-2021 Carbon Inner Door Trims 4PCS,CC-0109,,,,,,,,,,,,,,,,
honda-civic-x-2016-2021-carbon-steering-trim-cover,Honda Civic X 2016-2021 Carbon Steering Trim Cover,CC-HCX-INT-STC-CF,,,,,,,,,,,,,,,,
honda-civic-x-2016-2021-rear-bumper-diffuser-gloss-black-led,Honda Civic X 2016-2021 Rear Bumper Diffuser Gloss Black with LED,CC-CIV-DIFF-X-LED,,,,,,,,,,,,,,,,
honda-civic-x-2016-2021-rear-canard-2pcs,Honda Civic X 2016-2021 Rear Canard 2PCS,CC-0032,,,,,,,,,,,,,,,,
honda-civic-x-2016-2021-side-splitter-abs,Honda Civic X 2016-2021 Side Splitter ABS,CC-0070,,,,,,,,,,,,,,,,
honda-civic-x-2016-2021-sports-body-kit-complete,Honda Civic X 2016-2021 Sports Body Kit Complete,CC-0069,,,,,,,,,,,,,,,,
honda-civic-x-2017-2024-carbon-fiber-cup-holder-trim,Honda Civic X 2017-2024 Carbon Fiber Cup Holder Trim,CC-0114,,,,,,,,,,,,,,,,
honda-civic-x-batman-style-side-mirror-cover,Honda Civic X 2016-2021 Batman Style Side Mirror Cover,CC-0202,,,,,,,,,,,,,,,,
honda-civic-x-rs-style-trunk-spoiler-2016-2021,Honda Civic X 2016–2021 RS Style Trunk Spoiler,CC-0172,,,,,,,,,,,,,,,,
honda-civic-x-side-window-quarter-louver-covers-black,Honda Civic X 2016–2021 Side Window Quarter Louver Covers – Black,CC-0198,,,,,,,,,,,,,,,,
honda-vezel-2013-2018-complete-body-kit,Honda Vezel 2013-2026 Complete Body Kit,CC-0066,,,,,,,,,,,,,,,,
honda-vezel-2013-2018-fog-lamps-drl-cover-hd011-l2,Honda Vezel 2013-2018 Fog Lamps DRL Cover Style HD011-L2,CC-VEZ-DRL-HD011,,,,,,,,,,,,,,,,
honda-vezel-2013-2018-pvc-trunk-mat,Honda Vezel 2013-2018 PVC Trunk Mat,CC-VEZ-TRUNK-PVC,,,,,,,,,,,,,,,,
honda-vezel-2013-2018-rear-bumper-brake-lamp,Honda Vezel 2013-2018 Rear Bumper Brake Lamp,CC-VEZ-LED-RBL,,,,,,,,,,,,,,,,
honda-vezel-2013-2020-tpe-floor-mats-premium,Honda Vezel 2013-2026 TPE Floor Mats Premium,CC-INT-143,,,,,,,,,,,,,,,,
honda-vezel-2013-2020-velvet-dashboard-mat,Honda Vezel 2013-2026 Velvet Dashboard Mat,CC-INT-115,,,,,,,,,,,,,,,,
honda-vezel-premium-metal-key-cover,Honda Vezel 2013-2026 Premium Metal Key Cover,CC-KC-HONDAVEZEL,,,,,,,,,,,,,,,,
hyundai-elantra-2021-2024-velvet-dashboard-mat,Hyundai Elantra 2021-2024 Velvet Dashboard Mat,CC-INT-131,,,,,,,,,,,,,,,,
hyundai-elantra-2023-2026-sporty-style-body-kit-fibreglass,Hyundai Elantra 2023-2026 Sporty Style Body Kit Fibreglass,CC-0065,,,,,,,,,,,,,,,,
hyundai-elantra-hybrid-rear-trunk-slim-style-spoiler-2026-unpainted-abs,Hyundai Elantra Hybrid Rear Trunk Slim Style Spoiler 2026 Unpainted ABS,CC-EXT-111,,,,,,,,,,,,,,,,
hyundai-elantra-premium-metal-key-cover,Hyundai Elantra Premium Metal Key Cover,CC-KC-HYUNDAIELANTRA,,,,,,,,,,,,,,,,
hyundai-sonata-premium-metal-key-cover,Hyundai Sonata Premium Metal Key Cover,CC-KC-HYUNDAISONATA,,,,,,,,,,,,,,,,
hyundai-tucson-2020-2024-tpe-floor-mats-premium,Hyundai Tucson 2020-2024 TPE Floor Mats Premium,CC-INT-146,,,,,,,,,,,,,,,,
hyundai-tucson-2020-2024-velvet-dashboard-mat,Hyundai Tucson 2020-2024 Velvet Dashboard Mat,CC-INT-122,,,,,,,,,,,,,,,,
hyundai-tucson-premium-metal-key-cover,Hyundai Tucson Premium Metal Key Cover,CC-KC-HYUNDAITUCSON,,,,,,,,,,,,,,,,
kia-picanto-2019-2026-tpe-floor-mats-premium,KIA Picanto 2019-2026 TPE Floor Mats Premium,CC-INT-156,,,,,,,,,,,,,,,,
kia-picanto-2019-2026-velvet-dashboard-mat,KIA Picanto 2019-2026 Velvet Dashboard Mat,CC-INT-109,,,,,,,,,,,,,,,,
kia-sorento-3-button-premium-metal-key-cover,KIA Sorento 3 Button Premium Metal Key Cover,CC-KC-KIASORENTO3BUTTON,,,,,,,,,,,,,,,,
kia-sportage-2019-2024-tpe-floor-mats-premium,KIA Sportage 2019-2024 TPE Floor Mats Premium,CC-INT-135,,,,,,,,,,,,,,,,
kia-sportage-2019-2024-velvet-dashboard-mat,KIA Sportage 2019-2024 Velvet Dashboard Mat,CC-INT-116,,,,,,,,,,,,,,,,
kia-sportage-alpha-premium-metal-key-cover,KIA Sportage Alpha 3 Button Premium Metal Key Cover,CC-KC-KIASPORTAGEALPHA,,,,,,,,,,,,,,,,
kia-sportage-awd-premium-metal-key-cover,KIA Sportage AWD Premium Metal Key Cover,CC-KC-KIASPORTAGEAWD,,,,,,,,,,,,,,,,
kia-sportage-batman-style-side-mirror-covers,KIA Sportage 2019-2024 Batman Style Side Mirror Covers,CC-SPO-MIR-BAT,,,,,,,,,,,,,,,,
kia-stonic-3-button-premium-metal-key-cover,KIA Stonic 3 Button Premium Metal Key Cover,CC-KC-KIASTONIC3BUTTON,,,,,,,,,,,,,,,,
lion-car-dashboard-perfume-air-freshener-crazzycars,Lion Car Dashboard Perfume Air Freshener,CC-0192,,,,,,,,,,,,,,,,
mark-x-spoiler-unpainted-abs-2004-2009,Mark X Spoiler Unpainted ABS 2004-2009,CC-EXT-130,,,,,,,,,,,,,,,,
mercedes-benz-e-class-premium-metal-key-cover,Mercedes Benz E Class Premium Metal Key Cover,CC-KC-MERCEDESBENZECLASS,,,,,,,,,,,,,,,,
mercedes-benz-e260-premium-metal-key-cover,Mercedes BENZ E260 Premium Metal Key Cover,CC-KC-MERCEDESBENZE260,,,,,,,,,,,,,,,,
mg-hs-2020-2025-velvet-dashboard-mat,MG HS 2020-2025 Velvet Dashboard Mat,CC-INT-127,,,,,,,,,,,,,,,,
mg-hs-premium-metal-key-cover,MG HS Premium Metal Key Cover,CC-KC-MGHS,,,,,,,,,,,,,,,,
nissan-note-premium-metal-key-cover,Nissan NOTE Premium Metal Key Cover,CC-KC-NISSANNOTE,,,,,,,,,,,,,,,,
oshan-x7-premium-metal-key-cover,Changan Oshan X7 Premium Metal Key Cover,CC-KC-OSHANX7,,,,,,,,,,,,,,,,
osram-projector-lights-3-colour-premium-quality,OSRAM Projector Lights 3 Colour Premium Quality,CC-LGT-202,,,,,,,,,,,,,,,,
premium-dynamic-ambient-interior-lights,Premium Dynamic Ambient Interior Lights Multi-Point,CC-UNI-AMB-DYN-10,,,,,,,,,,,,,,,,
products-honda-civic-x-carbon-fiber-interior-trim-kit-2016-2021,Honda Civic X 2016-2021 Carbon Fiber Interior Trim Kit,CC-0130,,,,,,,,,,,,,,,,
proton-x70-premium-metal-key-cover,Proton X70 Premium Metal Key Cover,CC-KC-PROTONX70,,,,,,,,,,,,,,,,
reverse-bright-light-bulb-24-smd-led-w16w-t15-4-pack,Reverse Bright Light Bulb 24 SMD LED W16W T15 4-Pack,CC-UNI-LGT-REV-T15,,,,,,,,,,,,,,,,
side-skirts-red-lip-abs-plastic-side-skirt-kit-4-pcs-copy,Red Line Side Skirts – ABS Plastic Side Skirt Kit 4 PCS,CC-0184,,,,,,,,,,,,,,,,
sogo-universal-car-grass-floor-mats-in-roll-custom-fitting-premium-quality-1,SOGO Universal Car Grass Floor Mats In Roll Custom Fitting Premium Quality 1,CC-INT-140,,,,,,,,,,,,,,,,
sos-police-strip-light-red-blue,SOS Police Strip Light Red Blue LED Emergency Strobe,CC-0207,,,,,,,,,,,,,,,,
suzuki-alto-2018-2023-multimedia-steering-wheel-audio-control-buttons-panel,Suzuki Alto 2018-2023 Multimedia Steering Wheel Audio Control Buttons Panel,CC-0012,,,,,,,,,,,,,,,,
suzuki-alto-2019-2026-premium-air-press-without-chrome,Suzuki Alto 2019-2026 Premium Air Press Without Chrome,CC-EXT-205,,,,,,,,,,,,,,,,
suzuki-alto-2019-2026-tpe-floor-mats-premium,Suzuki Alto 2019-2026 TPE Floor Mats Premium,CC-INT-134,,,,,,,,,,,,,,,,
suzuki-alto-2019-2026-velvet-dashboard-mat,Suzuki Alto 2019-2026 Velvet Dashboard Mat,CC-INT-101,,,,,,,,,,,,,,,,
suzuki-alto-660cc-lava-style-smoke-tail-lights-rear-lamps-pair,Suzuki Alto 660cc Lava Style Smoke Tail Lights Rear Lamps Pair,CC-ALT-EXT-TL-LAV-SMK-1,,,,,,,,,,,,,,,,
suzuki-alto-carbon-fiber-mirror-covers,Suzuki Alto 2020–Present Carbon Fiber Style Side Mirror Covers,CC-0149,,,,,,,,,,,,,,,,
suzuki-alto-multimedia-steering-control-buttons-with-spiral-cable-glossy-black,Suzuki Alto Multimedia Steering Control Buttons with Spiral Cable Glossy Black,CC-0009,,,,,,,,,,,,,,,,
suzuki-alto-old-velvet-dashboard-mat,Suzuki Alto Old Velvet Dashboard Mat,CC-INT-119,,,,,,,,,,,,,,,,
suzuki-alto-premium-metal-key-cover,Suzuki ALTO NEW Premium Metal Key Cover,CC-KC-SUZUKIALTO,,,,,,,,,,,,,,,,
suzuki-alto-rear-window-louvers,Suzuki Alto 2020-Present Rear Window Louvers,CC-0148,,,,,,,,,,,,,,,,
suzuki-alto-rs-rear-roof-spoiler-2019-2026,Suzuki Alto 2019-2026 RS Turbo Style Rear Roof Spoiler,CC-SAL-EXT-RFS-RS-19,,,,,,,,,,,,,,,,
suzuki-cultus-2017-2026-tpe-floor-mats-premium,Suzuki Cultus 2017-2026 TPE Floor Mats Premium,CC-INT-141,,,,,,,,,,,,,,,,
suzuki-cultus-2017-2026-velvet-dashboard-mat,Suzuki Cultus 2017-2026 Velvet Dashboard Mat,CC-INT-104,,,,,,,,,,,,,,,,
suzuki-liana-velvet-dashboard-mat,Suzuki Liana Velvet Dashboard Mat,CC-INT-111,,,,,,,,,,,,,,,,
suzuki-swift-2018-2024-complete-body-kit-fibreglass-crazzycars-pk,Suzuki Swift 2018-2024 Complete Body Kit Fibreglass,CC-0064,,,,,,,,,,,,,,,,
suzuki-swift-2022-2024-rs-style-body-kit-fibreglass,Suzuki Swift 2022-2024 RS Style Body Kit Fibreglass,CC-0063,,,,,,,,,,,,,,,,
suzuki-swift-2022-2025-carbon-fiber-door-handles-cover,Suzuki Swift 2022-2025 Carbon Fiber Door Handles Cover,CC-SWF-DHC-CF,,,,,,,,,,,,,,,,
suzuki-swift-2022-2026-tpe-floor-mats-premium,Suzuki Swift 2022-2026 TPE Floor Mats Premium,CC-INT-147,,,,,,,,,,,,,,,,
suzuki-swift-2022-2026-velvet-dashboard-mat,Suzuki Swift 2022-2026 Velvet Dashboard Mat,CC-INT-110,,,,,,,,,,,,,,,,
suzuki-swift-premium-metal-key-cover,Suzuki Swift Premium Metal Key Cover,CC-KC-SUZUKISWIFT,,,,,,,,,,,,,,,,
suzuki-wagon-r-2014-2025-velvet-dashboard-mat,Suzuki Wagon R 2014-2025 Velvet Dashboard Mat,CC-INT-112,,,,,,,,,,,,,,,,
toyota-aqua-2012-2015-complete-body-kit,Toyota Aqua 2012-2015 Complete Body Kit,CC-0059,,,,,,,,,,,,,,,,
toyota-aqua-2012-2021-txr-air-press-without-chrome,Toyota Aqua 2012-2021 TXR Air Press Without Chrome,CC-EXT-204,,,,,,,,,,,,,,,,
toyota-aqua-2012-2021-velvet-dashboard-mat,Toyota Aqua 2012-2021 Velvet Dashboard Mat,CC-INT-123,,,,,,,,,,,,,,,,
toyota-aqua-2016-2019-front-body-kit-fibreglass,Toyota Aqua 2016-2019 Front Body Kit Fibreglass,CC-0061,,,,,,,,,,,,,,,,
toyota-aqua-2016-2019-trd-sportivo-body-kit,Toyota Aqua 2016-2019 TRD Sportivo Body Kit,CC-0058,,,,,,,,,,,,,,,,
toyota-aqua-2020-2022-rear-body-kit-fibreglass,Toyota Aqua 2020-2022 Rear Body Kit Fibreglass,CC-0062,,,,,,,,,,,,,,,,
toyota-aqua-2021-2024-tpe-floor-mats-premium,Toyota Aqua 2021-2024 TPE Floor Mats Premium,CC-INT-151,,,,,,,,,,,,,,,,
toyota-aqua-2022-2024-sportline-front-splitter-canards-red-black,Toyota Aqua 2022-2024 Sportline Front Splitter Canards Red Black,CC-0060,,,,,,,,,,,,,,,,
toyota-axio-2014-22-velvet-dashboard-mat,Toyota Axio 2014-22 Velvet Dashboard Mat,CC-INT-121,,,,,,,,,,,,,,,,
toyota-corolla-2002-2008-black-abs-mesh-grill,Toyota Corolla 2002-2008 Black ABS Mesh Grill,CC-EXT-202,,,,,,,,,,,,,,,,
toyota-corolla-2008-2010-complete-body-kit,Toyota Corolla 2008-2010 Complete Body Kit,CC-0056,,,,,,,,,,,,,,,,
toyota-corolla-2008-2010-diamond-style-chrome-front-grille,Toyota Corolla 2008-2010 Diamond Style Chrome Front Grille ABS,CC-COR-GRL-DIA-08,,,,,,,,,,,,,,,,
toyota-corolla-2008-2011-front-chrome-grilles-set-unpainted-steel,Toyota Corolla 2008-2011 Front Chrome Grilles Set Unpainted Steel,CC-COR-GRL-SET-08,,,,,,,,,,,,,,,,
toyota-corolla-2008-2013-premium-air-press-with-chrome-strip,Toyota Corolla 2008-2013 Premium Air Press With Chrome Strip,CC-EXT-103,,,,,,,,,,,,,,,,
toyota-corolla-2008-2013-sequential-side-mirror-indicators,Toyota Corolla 2008-2013 Side Mirror Sequential LED Indicators – Dynamic Turn Signals,CC-0126,,,,,,,,,,,,,,,,
toyota-corolla-2008-2013-tpe-floor-mats-premium,Toyota Corolla 2008-2013 TPE Floor Mats Premium,CC-INT-155,,,,,,,,,,,,,,,,
toyota-corolla-2008-2013-velvet-dashboard-mat,Toyota Corolla 2008-2013 Velvet Dashboard Mat,CC-INT-108,,,,,,,,,,,,,,,,
toyota-corolla-2008-2014-canadian-style-trunk-spoiler-with-led-light-abs,Toyota Corolla 2008-2014 Canadian Style Trunk Spoiler with LED Light ABS,CC-0027,,,,,,,,,,,,,,,,
toyota-corolla-2009-2011-body-kit-d1,Toyota Corolla 2009-2011 Body Kit D1,CC-0046,,,,,,,,,,,,,,,,
toyota-corolla-2009-2011-body-kit-d2,Toyota Corolla 2009-2011 Body Kit D2,CC-0045,,,,,,,,,,,,,,,,
toyota-corolla-2009-2011-body-kit-d4,Toyota Corolla 2009-2011 Body Kit D4,CC-0044,,,,,,,,,,,,,,,,
toyota-corolla-2009-2013-ducktail-trunk-spoiler,Toyota Corolla 2009-2013 Ducktail Trunk Spoiler – E140/E150 Model (ABS Plastic),CC-0122,,,,,,,,,,,,,,,,
toyota-corolla-2009-2013-trd-style-front-grill,Toyota Corolla 2009-2013 TRD Style Front Grill,CC-COR-GRL-TRD-09,,,,,,,,,,,,,,,,
toyota-corolla-2009-2014-rgb-side-mirror-indicator-dragon-style,Toyota Corolla 2009-2014 RGB Side Mirror Indicator Dragon Style,CC-0015,,,,,,,,,,,,,,,,
toyota-corolla-2009-2014-sportline-front-splitter-canards-red-black,Toyota Corolla 2009-2014 Sportline Front Splitter Canards Red Black,CC-0038,,,,,,,,,,,,,,,,
toyota-corolla-2009-2026-carbon-steering-monogram-abs,Toyota Corolla Carbon Fiber Style Steering Monogram 2009–2026,CC-0156,,,,,,,,,,,,,,,,
toyota-corolla-2012-14-txr-air-press-with-chrome,Toyota Corolla 2012-14 TXR Air Press With Chrome,CC-EXT-206,,,,,,,,,,,,,,,,
toyota-corolla-2012-2014-black-canadian-style-front-grille,Toyota Corolla 2012-2014 Black Canadian Style Front Grille,CC-0092,,,,,,,,,,,,,,,,
toyota-corolla-2012-2014-body-kit-d2,Toyota Corolla 2012-2014 Body Kit D2,CC-0053,,,,,,,,,,,,,,,,
toyota-corolla-2012-2014-body-kit-d3,Toyota Corolla 2012-2014 Body Kit D3,CC-0052,,,,,,,,,,,,,,,,
toyota-corolla-2012-2014-body-kit-d4,Toyota Corolla 2012-2014 Body Kit D4,CC-0050,,,,,,,,,,,,,,,,
toyota-corolla-2012-2014-body-kit-d5,Toyota Corolla 2012-2014 Body Kit D5,CC-0049,,,,,,,,,,,,,,,,
toyota-corolla-2012-2014-body-kit-d6,Toyota Corolla 2012-2014 Body Kit D6,CC-0048,,,,,,,,,,,,,,,,
toyota-corolla-2012-2014-body-kit-d7,Toyota Corolla 2012-2014 Body Kit D7,CC-0047,,,,,,,,,,,,,,,,
toyota-corolla-2012-2014-body-kit-fibreglass,Toyota Corolla 2012-2014 Body Kit Fibreglass,CC-0041,,,,,,,,,,,,,,,,
toyota-corolla-2012-2014-complete-body-kit-d1,Toyota Corolla 2012-2014 Complete Body Kit D1,CC-0055,,,,,,,,,,,,,,,,
toyota-corolla-2012-2014-eagle-eyes-red-smoke-led-back-lamps,Toyota Corolla 2012-2014 Eagle Eyes Red Smoke LED Back Lamps,CC-EXT-119,,,,,,,,,,,,,,,,
toyota-corolla-2012-top-ac-panel,Toyota Corolla 2012 Top AC Panel Center Dashboard AC Vent Butto 2008-2013,CC-0127,,,,,,,,,,,,,,,,
toyota-corolla-2014-2026-interior-door-handle-carbon-fiber-trims-8pcs,Toyota Corolla 2014-2026 Interior Door Handle Carbon Fiber Trims 8PCS,CC-0001,,,,,,,,,,,,,,,,
toyota-corolla-2014-2026-sequential-side-mirror-indicators,Toyota Corolla 2014-2026 Side Mirror Sequential LED Indicators – Dynamic Turn Signals,CC-0125,,,,,,,,,,,,,,,,
toyota-corolla-2014-2026-side-mirror-led-indicators,Toyota Corolla 2014-2026 Side Mirror LED Indicators,CC-COR-MIRROR-3,,,,,,,,,,,,,,,,
toyota-corolla-2014-2026-tpe-floor-mats-premium,Toyota Corolla 2014-2026 TPE Floor Mats Premium,CC-INT-133,,,,,,,,,,,,,,,,
toyota-corolla-2014-2026-velvet-dashboard-mat,Toyota Corolla 2014-2026 Velvet Dashboard Mat,CC-INT-102,,,,,,,,,,,,,,,,
toyota-corolla-2015-2017-body-kit-d3,Toyota Corolla 2015-2017 Body Kit D3,CC-0051,,,,,,,,,,,,,,,,
toyota-corolla-2015-2017-complete-body-kit-d1,Toyota Corolla 2015-2017 Complete Body Kit D1,CC-0054,,,,,,,,,,,,,,,,
toyota-corolla-2015-2017-front-splitter-gloss-black-canard-3pcs,Toyota Corolla 2015-2017 Front Splitter Gloss Black Canard 3PCS,CC-0039,,,,,,,,,,,,,,,,
toyota-corolla-2015-2022-batman-style-side-mirror-cover,Toyota Corolla 2015–2022 Batman Style Side Mirror Cover – Carbon Fiber / Gloss Black,CC-TCR-EXT-SMC-CF-15,,,,,,,,,,,,,,,,
toyota-corolla-2015-2023-ducktail-trunk-spoiler-abs-unpainted,Toyota Corolla 2015-2023 Ducktail Trunk Spoiler ABS Unpainted,CC-0028,,,,,,,,,,,,,,,,
toyota-corolla-2015-2023-power-window-carbon-fiber-trims-4pcs,Toyota Corolla 2015-2023 Power Window Carbon Fiber Trims 4PCS,CC-0007,,,,,,,,,,,,,,,,
toyota-corolla-2015-2024-carbon-fiber-gear-shifter-trim,Toyota Corolla 2015-2024 Carbon Fiber Gear Shifter Trim,CC-0008,,,,,,,,,,,,,,,,
toyota-corolla-2015-2024-front-spike-splitter-canard-3pcs,Toyota Corolla 2015-2024 Front Spike Splitter Canard 3PCS,CC-0040,,,,,,,,,,,,,,,,
toyota-corolla-2015-2026-carbon-steering-trim,Toyota Corolla 2015–2026 Carbon Steering Trim,CC-0157,,,,,,,,,,,,,,,,
toyota-corolla-2015-2026-led-side-mirror-neon-indicator-pair,Toyota Corolla 2015-2026 LED Side Mirror Neon Indicator Pair,CC-0004,,,,,,,,,,,,,,,,
toyota-corolla-2015-2026-rgb-side-style,Toyota Corolla 2015-2026 RGB Side Style,CC-0014,,,,,,,,,,,,,,,,
toyota-corolla-2015-2026-roof-spoiler-abs-plastic,Toyota Corolla 2015–2026 Roof Spoiler (High-Quality ABS Plastic),CC-0158,,,,,,,,,,,,,,,,
toyota-corolla-2015-2026-rs-style-trunk-spoiler-abs,Toyota Corolla 2015–2026 RS Style Trunk Spoiler – ABS Plastic,CC-0159,,,,,,,,,,,,,,,,
toyota-corolla-2015-2026-side-window-louver-covers-black,Toyota Corolla 2015–2026 Side Window Louver Shutter Covers – Black,CC-0199,,,,,,,,,,,,,,,,
toyota-corolla-2015-2026-trd-style-trunk-spoiler,Toyota Corolla 2015–2026 TRD Style Trunk Spoiler – ABS Plastic,CC-0161,,,,,,,,,,,,,,,,
toyota-corolla-2015-2026-trunk-lip-spoiler-abs-plastic,Toyota Corolla 2015–2026 Trunk Lip Spoiler (High-Quality ABS Plastic),CC-0160,,,,,,,,,,,,,,,,
toyota-corolla-2015-door-handle-covers-carbon-fiber-glossy-black,Toyota Corolla 2015–2026 Door Handle Covers – Carbon Fiber / Glossy Black,CC-0196,,,,,,,,,,,,,,,,
toyota-corolla-2017-21-grill-with-led,Toyota Corolla 2017-21 Grill With LED,CC-EXT-102,,,,,,,,,,,,,,,,
toyota-corolla-2018-2021-body-kit-d1,Toyota Corolla 2018-2021 Body Kit D1,CC-0043,,,,,,,,,,,,,,,,
toyota-corolla-2018-2021-body-kit-d2,Toyota Corolla 2018-2021 Body Kit D2,CC-0042,,,,,,,,,,,,,,,,
toyota-corolla-2018-2021-trd-style-body-kit-d7-4pcs,Toyota Corolla 2018-2021 TRD Style Body Kit D7 4PCS,CC-0037,,,,,,,,,,,,,,,,
toyota-corolla-2022-2024-sports-body-kit,Toyota Corolla 2022-2024 Sports Body Kit,CC-0057,,,,,,,,,,,,,,,,
toyota-corolla-airflow-ambient-led-ac-vent-trims-plug-and-play,Toyota Corolla AirFlow Ambient LED AC Vent Trims Plug and Play,CC-0002,,,,,,,,,,,,,,,,
toyota-corolla-carbon-fiber-gear-knob-cover-2014-2026,Toyota Corolla Carbon Fiber Gear Knob Cover 2014-2026,CC-0003,,,,,,,,,,,,,,,,
toyota-corolla-cross-2020-2026-tpe-floor-mats-premium,Toyota Corolla Cross 2020-2026 TPE Floor Mats Premium,CC-INT-149,,,,,,,,,,,,,,,,
toyota-corolla-cross-2020-2026-velvet-dashboard-mat,Toyota Corolla Cross 2020-2026 Velvet Dashboard Mat,CC-INT-129,,,,,,,,,,,,,,,,
toyota-corolla-e120-dynamic-back-bumper-light-rgb-2002-2008,Toyota Corolla E120 Dynamic Back Bumper Light RGB 2002-2008,CC-COR-BBL-E120,,,,,,,,,,,,,,,,
toyota-corolla-e140-2009-2012-carbon-side-mirror-cover,Toyota Corolla E140 2009–2012 Carbon Style Side Mirror Cover (Pair),CC-0165,,,,,,,,,,,,,,,,
toyota-corolla-e140-2009-2012-carbon-window-quarter-covers,Toyota Corolla E140 2009–2012 Carbon Window Quarter Covers (Pair),CC-0163,,,,,,,,,,,,,,,,
toyota-corolla-e140-2009-2013-carbon-door-handle-cover,Toyota Corolla E140 2009–2012 Carbon Door Handle Cover,CC-0164,,,,,,,,,,,,,,,,
toyota-corolla-e140-2009-2013-ducktail-trunk-spoiler,Toyota Corolla E140 2009–2013 Ducktail Trunk Spoiler,CC-0162,,,,,,,,,,,,,,,,
toyota-corolla-gli-xli-2009-2014-multimedia-steering-wheel-audio-control-buttons,Toyota Corolla GLi XLi 2009-2014 Multimedia Steering Wheel Audio Control Buttons,CC-0013,,,,,,,,,,,,,,,,
toyota-corolla-grande-2014-2018-carbon-fiber-steering-wheel-paddle-shifters-pair,Toyota Corolla Grande 2014-2018 Carbon Fiber Steering Wheel Paddle Shifters Pair,CC-0019,,,,,,,,,,,,,,,,
toyota-corolla-grande-premium-metal-key-cover,Toyota Corolla Grande NEW Premium Metal Key Cover,CC-KC-TOYOTACOROLLAGRANDE,,,,,,,,,,,,,,,,
toyota-corolla-grande-steering-wheel-trim-in-carbon-fiber-multimedia,Toyota Corolla Grande Steering Wheel Trim in Carbon Fiber Multimedia,CC-0024,,,,,,,,,,,,,,,,
toyota-corolla-lava-style-tail-lights-2012-2014,Toyota Corolla Lava Style Tail Lights 2012-2014,CC-EXT-120,,,,,,,,,,,,,,,,
toyota-corolla-nike-style-2-projector-headlights-2012-2014,Toyota Corolla Nike Style 2 Projector Headlights 2012-2014,CC-EXT-106,,,,,,,,,,,,,,,,
toyota-corolla-nike-style-3-projector-headlights-2012-2014,Toyota Corolla Nike Style 3 Projector Headlights 2012-2014,CC-EXT-121,,,,,,,,,,,,,,,,
toyota-corolla-premium-fog-lights-with-covers-2015-2022,Toyota Corolla Premium Fog Lights With Covers 2015-2022,CC-LGT-102,,,,,,,,,,,,,,,,
toyota-corolla-rgb-dynamic-back-bumper-light,Toyota Corolla RGB Dynamic Back Bumper Light,CC-COR-BBL-2,,,,,,,,,,,,,,,,
toyota-corolla-rgb-side-style-and-back-bumper-light,Toyota Corolla RGB Side Style + Back Bumper Light,CC-COR-RGB-KIT,,,,,,,,,,,,,,,,
toyota-corolla-tail-lights-new-version-2015-2026,Toyota Corolla Tail Lights New Version 2015-2026,CC-EXT-122,,,,,,,,,,,,,,,,
toyota-corolla-trd-style-front-grille-gloss-black-abs,Toyota Corolla TRD Style Front Grille – Gloss Black ABS,CC-0029,,,,,,,,,,,,,,,,
toyota-corolla-x-2017-2020-front-bumper-replacement,Toyota Corolla X 2017-2020 Front Bumper Replacement,CC-0036,,,,,,,,,,,,,,,,
toyota-corolla-x-dynamic-back-bumper-light-rgb-2022-2023,Toyota Corolla X Dynamic Back Bumper Light RGB 2022-2023,CC-COR-BBL-RGB,,,,,,,,,,,,,,,,
toyota-corolla-x-shark-fin-style-lower-panel-diffuser,Toyota Corolla X Shark Fin Style Lower Panel Diffuser,CC-0022,,,,,,,,,,,,,,,,
toyota-fortuner-2020-2026-tpe-floor-mats-premium,Toyota Fortuner 2020-2026 TPE Floor Mats Premium,CC-INT-157,,,,,,,,,,,,,,,,
toyota-fortuner-2020-2026-velvet-dashboard-mat,Toyota Fortuner 2020-2026 Velvet Dashboard Mat,CC-INT-130,,,,,,,,,,,,,,,,
toyota-fortuner-3-button-premium-metal-key-cover,Toyota Fortuner 3 Button Premium Metal Key Cover,CC-KC-TOYOTAFORTUNER3BUTTO,,,,,,,,,,,,,,,,
toyota-fortuner-4-button-premium-metal-key-cover,Toyota Fortuner 4 Button Premium Metal Key Cover,CC-KC-TOYOTAFORTUNER4BUTTO,,,,,,,,,,,,,,,,
toyota-hilux-revo-2016-2021-tpe-floor-mats-premium,Toyota Hilux Revo 2016-2021 TPE Floor Mats Premium,CC-INT-154,,,,,,,,,,,,,,,,
toyota-mark-x-abs-roof-spoiler-2020-2022,Toyota Mark X ABS Roof Spoiler 2020-2022,CC-EXT-135,,,,,,,,,,,,,,,,
toyota-mark-x-design-x-grille-2005-2009-glossy-black-abs,Toyota Mark X Design X Grille 2005-2009 Glossy Black ABS,CC-EXT-125,,,,,,,,,,,,,,,,
toyota-mark-x-duck-tail-spoiler-2004-2009,Toyota Mark X Duck tail Spoiler 2004-2009,CC-EXT-138,,,,,,,,,,,,,,,,
toyota-mark-x-front-bumper-drl-cover-arrow-shape-drl-514,Toyota Mark X Front Bumper DRL Cover Arrow Shape DRL-514,CC-EXT-136,,,,,,,,,,,,,,,,
toyota-mark-x-front-bumper-drl-cover-oem-fitting-drl-515,Toyota Mark X Front Bumper DRL Cover OEM Fitting DRL-515,CC-EXT-137,,,,,,,,,,,,,,,,
toyota-mark-x-sports-style-smoke-tail-lights-2004-2009,Toyota Mark X Sports Style Smoke Tail Lights 2004-2009,CC-EXT-124,,,,,,,,,,,,,,,,
toyota-mark-x-trd-style-body-kit-2004-2009-unpainted-fiberglass,Toyota Mark X TRD Style Body Kit 2004-2009 Unpainted Fiberglass,CC-EXT-128,,,,,,,,,,,,,,,,
toyota-mark-x-vertex-style-body-kit-2006-2009,Toyota Mark X Vertex Style Body Kit 2006-2009,CC-EXT-134,,,,,,,,,,,,,,,,
toyota-passo-2016-22-velvet-dashboard-mat,Toyota Passo 2016-22 Velvet Dashboard Mat,CC-INT-125,,,,,,,,,,,,,,,,
toyota-prado-premium-metal-key-cover,Toyota Prado Premium Metal Key Cover,CC-KC-TOYOTAPRADO,,,,,,,,,,,,,,,,
toyota-prius-2004-09-velvet-dashboard-mat,Toyota Prius 2004-09 Velvet Dashboard Mat,CC-INT-120,,,,,,,,,,,,,,,,
toyota-prius-2009-2015-velvet-dashboard-mat,Toyota Prius 2009-2015 Velvet Dashboard Mat,CC-INT-132,,,,,,,,,,,,,,,,
toyota-prius-2012-quarter-glass-louvers-carbon-fiber,Toyota Prius 2012 Quarter Glass Louvers Carbon Fiber Lamborghini Style,CC-PRI-LOUV-12,,,,,,,,,,,,,,,,
toyota-prius-2017-2021-batman-style-side-mirror-covers,Toyota Prius 2017-2021 Batman Style Carbon Fiber Side Mirror Covers,CC-PRI-MIR-BAT-17,,,,,,,,,,,,,,,,
toyota-prius-premium-metal-key-cover,Toyota Prius NEW Premium Metal Key Cover,CC-KC-TOYOTAPRIUS,,,,,,,,,,,,,,,,
toyota-raize-2019-2026-tpe-floor-mats-premium,Toyota Raize 2019-2026 TPE Floor Mats Premium,CC-INT-145,,,,,,,,,,,,,,,,
toyota-raize-batman-style-side-mirror-cover,Toyota Raize 2025 Batman Style Side Mirror Cover,CC-RAI-MIR-BAT,,,,,,,,,,,,,,,,
toyota-revo-2016-22-velvet-dashboard-mat,Toyota Revo 2016-22 Velvet Dashboard Mat,CC-INT-128,,,,,,,,,,,,,,,,
toyota-yaris-2020-2021-complete-body-kit,Toyota Yaris 2020-2021 Complete Body Kit,CC-0035,,,,,,,,,,,,,,,,
toyota-yaris-2020-2023-carbon-fiber-door-handle-cover,Toyota Yaris 2020-2023 Carbon Fiber Door Handle Cover,CC-0025,,,,,,,,,,,,,,,,
toyota-yaris-2020-2026-roof-spoiler-abs-plastic,Toyota Yaris 2020-2026 Roof Spoiler – ABS Plastic,CC-0119,,,,,,,,,,,,,,,,
toyota-yaris-2020-2026-tpe-floor-mats-premium,Toyota Yaris 2020-2026 TPE Floor Mats Premium,CC-INT-136,,,,,,,,,,,,,,,,
toyota-yaris-2020-2026-trunk-lip-spoiler-abs-plastic,Toyota Yaris 2020-2026 Trunk Lip Spoiler – ABS Plastic,CC-0118,,,,,,,,,,,,,,,,
toyota-yaris-2020-2026-velvet-dashboard-mat,Toyota Yaris 2020-2026 Velvet Dashboard Mat,CC-INT-117,,,,,,,,,,,,,,,,
toyota-yaris-2020-2026-window-quarter-louver-covers-gloss-black,Toyota Yaris 2020-2026 Window Quarter Louver Covers – Gloss Black,CC-TYR-EXT-WQL-GB-20,,,,,,,,,,,,,,,,
toyota-yaris-cross-batman-style-side-mirror-cover,Toyota Yaris Cross Batman Style Carbon Fiber Side Mirror Cover,CC-YXC-MIR-BAT,,,,,,,,,,,,,,,,
toyota-yaris-premium-metal-key-cover,Toyota Yaris Premium Metal Key Cover,CC-KC-TOYOTAYARIS,,,,,,,,,,,,,,,,
universal-3-piece-front-bumper-splitter-ground-style-abs,Universal 3-Piece Front Bumper Splitter Ground Style ABS,CC-0034,,,,,,,,,,,,,,,,
universal-amber-grill-lights-4pcs,Universal Amber Grill Lights 4PCS – LED Front Grill,CC-UNI-LGT-AGL-YL,,,,,,,,,,,,,,,,
universal-angel-wings-led-car-light,Universal Angel Wings LED Car Light RGB Decorative,CC-0150,,,,,,,,,,,,,,,,
universal-car-anti-rust-door-lock-cover-premium-protection-cap,Universal Car Anti-Rust Door Lock Cover – Premium Protection Cap,CC-0104,,,,,,,,,,,,,,,,
universal-car-digital-eyes-led-panel-lights,Universal Car Digital Eyes LED Panel Lights,CC-UNI-LED-DEYE,,,,,,,,,,,,,,,,
universal-car-eyes-spoiler-with-running-brake-led-lights-3pcs,Universal Car Eyes Spoiler With Running Brake LED Lights (3Pcs),CC-EXT-201,,,,,,,,,,,,,,,,
universal-car-led-reflector-bumper-side-marker-light,Universal Car LED Reflector Bumper Side Marker Light,CC-UNI-LED-REFL,,,,,,,,,,,,,,,,
universal-car-umbrella-windshield-protector-sun-shade,Universal Car Umbrella Windshield Protector Sun Shade,CC-UNI-141,,,,,,,,,,,,,,,,
universal-carbon-fiber-steering-wheel-cover-trims-anti-slip-2pcs,Universal Carbon Fiber Steering Wheel Cover Trims Anti-Slip 2PCS,CC-0026,,,,,,,,,,,,,,,,
universal-crystal-led-gear-knob-touch-activated-premium-car-shifter,Universal Crystal LED Gear Knob – Touch Activated Premium Car Shifter,CC-UNI-INT-GKN-TOY,,,,,,,,,,,,,,,,
universal-front-bumper-splitter-canard-1pcs-matt-black-abs,Universal Front Bumper Splitter Canard 1PCS Matt Black ABS,CC-UNI-CANARD-1,,,,,,,,,,,,,,,,
universal-front-splitter-spike-d5-carbon-fiber-canard-3pcs,Universal Front Splitter Spike D5 Carbon Fiber Canard 3PCS,CC-0031,,,,,,,,,,,,,,,,
universal-front-splitter-style-4-gloss-black-canard-3pcs,Universal Front Splitter Style 4 Gloss Black Canard 3PCS,CC-0030,,,,,,,,,,,,,,,,
universal-hand-sewing-top-alcantara-steering-wheel-cover-1-pc-black,Universal Hand Sewing Top Alcantara Steering Wheel Cover 1 Pc (Black),CC-0021,,,,,,,,,,,,,,,,
universal-led-flash-lights-cd-076,Universal LED Flash Lights CD-076,CC-LGT-104,,,,,,,,,,,,,,,,
universal-led-matrix-panel,Universal LED Matrix Panel Programmable Display Light,CC-0197,,,,,,,,,,,,,,,,
universal-premium-exhaust-cut-off-kit,Universal Premium Exhaust Cut Off Kit,CC-EXT-101,,,,,,,,,,,,,,,,
universal-rear-bumper-diffuser-carbon-fiber-d2-style-2pcs,Universal Rear Bumper Diffuser Carbon Fiber D2 Style 2PCS,CC-0033,,,,,,,,,,,,,,,,
universal-usb-car-humidifier-atmosphere-light-laser-roof-light,Universal USB Car Humidifier with Atmosphere Light & Laser Roof Projection,CC-UNI-HUM-LSR-001,,,,,,,,,,,,,,,,
x-card-car-hanging-air-freshener-perfume,X Card Car Hanging Air Freshener Rear Mirror Perfume,CC-0190,,,,,,,,,,,,,,,,
