collection,docId,fieldPath,oldUrl,newUrl,bytes,status,note
orders,6a5dd9ae3dddd249860a5f6d,items[0].image,https://cdn.shopify.com/s/files/1/0651/9560/6075/files/underglow.webp?v=1780042560,https://res.cloudinary.com/dquier8fv/image/upload/v1787335121/storecraft/gujranwalamotorsports/products/rehost/underglow-335a401a91.jpg,131139,uploaded,dry-run-upload; shopify_http=200
orders,6a63cc3e819aa91c317df78c,items[0].image,https://cdn.shopify.com/s/files/1/0651/9560/6075/files/gesture.webp?v=1771409632,https://res.cloudinary.com/dquier8fv/image/upload/v1787335124/storecraft/gujranwalamotorsports/products/rehost/gesture-e9cafe31f4.jpg,181435,uploaded,dry-run-upload; shopify_http=200
orders,6a63cd9514e4aa07dcb93949,items[0].image,https://cdn.shopify.com/s/files/1/0651/9560/6075/files/sideskirts1.webp?v=1770731349,https://res.cloudinary.com/dquier8fv/image/upload/v1787335136/storecraft/gujranwalamotorsports/products/rehost/sideskirts1-61c3119d17.png,3477878,uploaded,dry-run-upload; shopify_http=200
orders,6a64cc2e97a6e2950a518e33,items[0].image,https://cdn.shopify.com/s/files/1/0651/9560/6075/files/ToyotaCorollaBlackCanadianGrille_Model2012-2014_FrontABS_Plastic_Grille.jpg?v=1780308195,https://res.cloudinary.com/dquier8fv/image/upload/v1787335141/storecraft/gujranwalamotorsports/products/rehost/toyotacorollablackcanadiangrille-model2012-2014-frontabs-pla-77d6232a42.jpg,131601,uploaded,dry-run-upload; shopify_http=200
orders,6a64d9e3b29048ecd78f549a,items[0].image,https://cdn.shopify.com/s/files/1/0651/9560/6075/files/interior_light.webp?v=1780042505,https://res.cloudinary.com/dquier8fv/image/upload/v1787227168/storecraft/gujranwalamotorsports/products/rehost/interior-light-591f6bad6c.jpg,208326,uploaded,dry-run-upload; shopify_http=200
orders,6a6a62ae9b56385298749548,items[0].image,https://cdn.shopify.com/s/files/1/0651/9560/6075/files/Corolla_e170_door_handles.webp?v=1784231595,https://res.cloudinary.com/dquier8fv/image/upload/v1787227027/storecraft/gujranwalamotorsports/products/rehost/corolla-e170-door-handles-b687fc7b0a.jpg,105717,uploaded,dry-run-upload; shopify_http=200
orders,6a6b1a21803916b134558b49,items[0].image,https://cdn.shopify.com/s/files/1/0651/9560/6075/files/Smart_Car_Head-Up_Display_Advanced_Digital_HUD_for_Real-Time_Driving_Data-trendlymart_14.webp?v=1774633083,https://res.cloudinary.com/dquier8fv/image/upload/v1787335150/storecraft/gujranwalamotorsports/products/rehost/smart-car-head-up-display-advanced-digital-hud-for-real-time-d49dde1bda.jpg,95984,uploaded,dry-run-upload; shopify_http=200
orders,6a6baad87037642e3c5d9bc3,items[0].image,https://cdn.shopify.com/s/files/1/0651/9560/6075/files/HondaCityBodyKit_Model2008-2014_CarSports4PcsBodyKit_f7143aba-9940-491c-8ec1-f77e777144c4.webp?v=1780308364,https://res.cloudinary.com/dquier8fv/image/upload/v1787335151/storecraft/gujranwalamotorsports/products/rehost/hondacitybodykit-model2008-2014-carsports4pcsbodykit-f7143ab-800ce6783c.jpg,160486,uploaded,dry-run-upload; shopify_http=200
orders,6a6cfaf1cd1d2e14c5459799,items[0].image,https://cdn.shopify.com/s/files/1/0651/9560/6075/files/Corolla_e170_door_handles.webp?v=1784231595,https://res.cloudinary.com/dquier8fv/image/upload/v1787227027/storecraft/gujranwalamotorsports/products/rehost/corolla-e170-door-handles-b687fc7b0a.jpg,0,skipped_existing,same-run cache; shopify_http=200
orders,6a6d1ab13411cd98a0d70c10,items[0].image,https://cdn.shopify.com/s/files/1/0651/9560/6075/files/brembo3.webp?v=1771269137,https://res.cloudinary.com/dquier8fv/image/upload/v1787335153/storecraft/gujranwalamotorsports/products/rehost/brembo3-d36721a838.jpg,139346,uploaded,dry-run-upload; shopify_http=200
orders,6a6d1bb33411cd98a0d70c15,items[0].image,https://cdn.shopify.com/s/files/1/0651/9560/6075/files/blip1.webp?v=1780042589,https://res.cloudinary.com/dquier8fv/image/upload/v1787335154/storecraft/gujranwalamotorsports/products/rehost/blip1-3b5040e2f7.jpg,38953,uploaded,dry-run-upload; shopify_http=200
orders,6a6d1bb33411cd98a0d70c15,items[1].image,https://cdn.shopify.com/s/files/1/0651/9560/6075/files/brembo3.webp?v=1771269137,https://res.cloudinary.com/dquier8fv/image/upload/v1787335153/storecraft/gujranwalamotorsports/products/rehost/brembo3-d36721a838.jpg,0,skipped_existing,same-run cache; shopify_http=200
orders,6a6d28f43411cd98a0d70c1b,items[0].image,https://cdn.shopify.com/s/files/1/0651/9560/6075/files/reborn_door_handle1.webp?v=1771957552,https://res.cloudinary.com/dquier8fv/image/upload/v1787335157/storecraft/gujranwalamotorsports/products/rehost/reborn-door-handle1-36096f0d67.jpg,67319,uploaded,dry-run-upload; shopify_http=200
orders,6a6d81673411cd98a0d70c47,items[0].image,https://cdn.shopify.com/s/files/1/0651/9560/6075/files/Honda_City_2022_2025_Door_Handle_Covers_Carbon_Fiber.webp?v=1772051245,https://res.cloudinary.com/dquier8fv/image/upload/v1787335158/storecraft/gujranwalamotorsports/products/rehost/honda-city-2022-2025-door-handle-covers-carbon-fiber-bd62d7d40e.jpg,25236,uploaded,dry-run-upload; shopify_http=200
orders,6a6dd956f15a5dfc81ee3282,items[0].image,https://cdn.shopify.com/s/files/1/0651/9560/6075/files/indi.webp?v=1768036397,https://res.cloudinary.com/dquier8fv/image/upload/v1787227115/storecraft/gujranwalamotorsports/products/rehost/indi-54b65adb29.jpg,103848,uploaded,dry-run-upload; shopify_http=200
orders,6a6e0e89f15a5dfc81ee3299,items[0].image,https://cdn.shopify.com/s/files/1/0651/9560/6075/files/HONDA-CIVIC-2017-CARBON-GEAR-KNOB-COVER-1600-WEBP-DONE.webp?v=1780123868,https://res.cloudinary.com/dquier8fv/image/upload/v1787335161/storecraft/gujranwalamotorsports/products/rehost/honda-civic-2017-carbon-gear-knob-cover-1600-webp-done-ea6114cf20.jpg,112905,uploaded,dry-run-upload; shopify_http=200
orders,6a6e0f9ff15a5dfc81ee329f,items[0].image,https://cdn.shopify.com/s/files/1/0651/9560/6075/files/Toyota_Steering_Logo_Carbon_Fiber_Style_Logo.jpg?v=1772050753,https://res.cloudinary.com/dquier8fv/image/upload/v1787335162/storecraft/gujranwalamotorsports/products/rehost/toyota-steering-logo-carbon-fiber-style-logo-f0b0e8fcda.jpg,79469,uploaded,dry-run-upload; shopify_http=200
orders,6a6e457c1990038f0b16f540,items[0].image,https://cdn.shopify.com/s/files/1/0651/9560/6075/files/spike_7961a607-6ff2-4f9f-93df-4eb011597669.jpg?v=1780042602,https://res.cloudinary.com/dquier8fv/image/upload/v1787335164/storecraft/gujranwalamotorsports/products/rehost/spike-7961a607-6ff2-4f9f-93df-4eb011597669-ae936961f0.jpg,34179,uploaded,dry-run-upload; shopify_http=200
orders,6a6ef5f339ea0d32cb7f4fd9,items[0].image,https://cdn.shopify.com/s/files/1/0651/9560/6075/files/toyota-corolla-side-mirror-neon-indicator-light-with-3-options-96173058.webp?v=1783178654,https://res.cloudinary.com/dquier8fv/image/upload/v1787227029/storecraft/gujranwalamotorsports/products/rehost/toyota-corolla-side-mirror-neon-indicator-light-with-3-optio-ddb419ef03.jpg,67241,uploaded,dry-run-upload; shopify_http=200
orders,6a6ef95b39ea0d32cb7f4fe0,items[0].image,https://cdn.shopify.com/s/files/1/0651/9560/6075/files/Civic_X_carbon_door_handle.jpg?v=1771964296,https://res.cloudinary.com/dquier8fv/image/upload/v1787335166/storecraft/gujranwalamotorsports/products/rehost/civic-x-carbon-door-handle-54fd965e86.jpg,16731,uploaded,dry-run-upload; shopify_http=200
orders,6a6f0daf39ea0d32cb7f4feb,items[0].image,https://cdn.shopify.com/s/files/1/0651/9560/6075/files/IMG_9786.webp?v=1771063498,https://res.cloudinary.com/dquier8fv/image/upload/v1787227110/storecraft/gujranwalamotorsports/products/rehost/img-9786-79946c1030.jpg,385032,uploaded,dry-run-upload; shopify_http=200
orders,6a6f6439db0ee468388a3379,items[0].image,https://cdn.shopify.com/s/files/1/0651/9560/6075/files/toyota-corolla-side-mirror-neon-indicator-light-with-3-options-96173058.webp?v=1783178654,https://res.cloudinary.com/dquier8fv/image/upload/v1787227029/storecraft/gujranwalamotorsports/products/rehost/toyota-corolla-side-mirror-neon-indicator-light-with-3-optio-ddb419ef03.jpg,0,skipped_existing,same-run cache; shopify_http=200
orders,6a6f6d80db0ee468388a3423,items[0].image,https://cdn.shopify.com/s/files/1/0651/9560/6075/files/HONDA-CIVIC-2017-CARBON-STEERING-MULTIMEDIA-COVER-1600.webp?v=1780124200,https://res.cloudinary.com/dquier8fv/image/upload/v1787335170/storecraft/gujranwalamotorsports/products/rehost/honda-civic-2017-carbon-steering-multimedia-cover-1600-d069c74456.jpg,266264,uploaded,dry-run-upload; shopify_http=200
orders,6a6f6d80db0ee468388a3423,items[1].image,https://cdn.shopify.com/s/files/1/0651/9560/6075/files/civic_trim_5_159d65db-ebc3-49d4-9e49-bebcb8162c60.jpg?v=1771965599,https://res.cloudinary.com/dquier8fv/image/upload/v1787227054/storecraft/gujranwalamotorsports/products/rehost/civic-trim-5-159d65db-ebc3-49d4-9e49-bebcb8162c60-58e9aa4a0b.jpg,7597,uploaded,dry-run-upload; shopify_http=200
orders,6a6f6d80db0ee468388a3423,items[2].image,https://cdn.shopify.com/s/files/1/0651/9560/6075/files/Honda_Civic_X_Carbon_Fiber_Interior_Front_Dashboard_Trims_-_3_Pcs_1478ebbc-eaac-4ef9-8ed8-502f34cfd901.webp?v=1783176098,https://res.cloudinary.com/dquier8fv/image/upload/v1787335173/storecraft/gujranwalamotorsports/products/rehost/honda-civic-x-carbon-fiber-interior-front-dashboard-trims-3--15517eb775.jpg,115005,uploaded,dry-run-upload; shopify_http=200
orders,6a6f71aedb0ee468388a34a5,items[0].image,https://cdn.shopify.com/s/files/1/0651/9560/6075/files/Toyota_Steering_Logo_Carbon_Fiber_Style_Logo.jpg?v=1772050753,https://res.cloudinary.com/dquier8fv/image/upload/v1787335162/storecraft/gujranwalamotorsports/products/rehost/toyota-steering-logo-carbon-fiber-style-logo-f0b0e8fcda.jpg,0,skipped_existing,same-run cache; shopify_http=200
orders,6a6f71aedb0ee468388a34a5,items[1].image,https://cdn.shopify.com/s/files/1/0651/9560/6075/files/corolla_trim.jpg?v=1772050269,https://res.cloudinary.com/dquier8fv/image/upload/v1787335174/storecraft/gujranwalamotorsports/products/rehost/corolla-trim-e3c338d363.jpg,84037,uploaded,dry-run-upload; shopify_http=200
orders,6a6f96a69a7910386d5d2904,items[0].image,https://cdn.shopify.com/s/files/1/0651/9560/6075/files/toyota-corolla-side-mirror-neon-indicator-light-with-3-options-96173058.webp?v=1783178654,https://res.cloudinary.com/dquier8fv/image/upload/v1787227029/storecraft/gujranwalamotorsports/products/rehost/toyota-corolla-side-mirror-neon-indicator-light-with-3-optio-ddb419ef03.jpg,0,skipped_existing,same-run cache; shopify_http=200
orders,6a704ffcf9ad5f9c036e75ca,items[0].image,https://cdn.shopify.com/s/files/1/0651/9560/6075/files/honda_steering_mono.webp?v=1771960211,https://res.cloudinary.com/dquier8fv/image/upload/v1787335176/storecraft/gujranwalamotorsports/products/rehost/honda-steering-mono-006f9d41c3.jpg,62900,uploaded,dry-run-upload; shopify_http=200
orders,6a706b4fc989a398ec2c11b7,items[0].image,https://cdn.shopify.com/s/files/1/0651/9560/6075/files/Toyota_Steering_Logo_Carbon_Fiber_Style_Logo.jpg?v=1772050753,https://res.cloudinary.com/dquier8fv/image/upload/v1787335162/storecraft/gujranwalamotorsports/products/rehost/toyota-steering-logo-carbon-fiber-style-logo-f0b0e8fcda.jpg,0,skipped_existing,same-run cache; shopify_http=200
orders,6a7072f0c989a398ec2c11d2,items[0].image,https://cdn.shopify.com/s/files/1/0651/9560/6075/files/64_52b89360-7b0a-4f5a-a5a8-23327a67d0a6.webp?v=1780169987,https://res.cloudinary.com/dquier8fv/image/upload/v1787335178/storecraft/gujranwalamotorsports/products/rehost/64-52b89360-7b0a-4f5a-a5a8-23327a67d0a6-0ad51fb5bf.jpg,105968,uploaded,dry-run-upload; shopify_http=200
orders,6a707c84c989a398ec2c120d,items[0].image,https://cdn.shopify.com/s/files/1/0651/9560/6075/files/honda_steering_mono.webp?v=1771960211,https://res.cloudinary.com/dquier8fv/image/upload/v1787335176/storecraft/gujranwalamotorsports/products/rehost/honda-steering-mono-006f9d41c3.jpg,0,skipped_existing,same-run cache; shopify_http=200
orders,6a7098a5c989a398ec2c127a,items[0].image,https://cdn.shopify.com/s/files/1/0651/9560/6075/files/toyota-corolla-side-mirror-neon-indicator-light-with-3-options-96173058.webp?v=1783178654,https://res.cloudinary.com/dquier8fv/image/upload/v1787227029/storecraft/gujranwalamotorsports/products/rehost/toyota-corolla-side-mirror-neon-indicator-light-with-3-optio-ddb419ef03.jpg,0,skipped_existing,same-run cache; shopify_http=200
orders,6a70cc1ec989a398ec2c12e1,items[0].image,https://cdn.shopify.com/s/files/1/0651/9560/6075/files/IMG_9786.webp?v=1771063498,https://res.cloudinary.com/dquier8fv/image/upload/v1787227110/storecraft/gujranwalamotorsports/products/rehost/img-9786-79946c1030.jpg,0,skipped_existing,same-run cache; shopify_http=200
orders,6a70d9ecc989a398ec2c12f7,items[0].image,https://cdn.shopify.com/s/files/1/0651/9560/6075/files/Universal-Car-Antirust-Door-Lock-Cover-By-GulAutos.webp?v=1780125509,https://res.cloudinary.com/dquier8fv/image/upload/v1787335180/storecraft/gujranwalamotorsports/products/rehost/universal-car-antirust-door-lock-cover-by-gulautos-77adcc5ae3.jpg,164182,uploaded,dry-run-upload; shopify_http=200
orders,6a70efb2843106efed4337a4,items[0].image,https://cdn.shopify.com/s/files/1/0651/9560/6075/files/aqua-red-lip.webp?v=1780417172,https://res.cloudinary.com/dquier8fv/image/upload/v1787335183/storecraft/gujranwalamotorsports/products/rehost/aqua-red-lip-98b0bcd2f1.png,1448550,uploaded,dry-run-upload; shopify_http=200
orders,6a70f9ce843106efed4337bc,items[0].image,https://cdn.shopify.com/s/files/1/0651/9560/6075/files/IMG_0284_1.webp?v=1776431918,https://res.cloudinary.com/dquier8fv/image/upload/v1787335204/storecraft/gujranwalamotorsports/products/rehost/img-0284-1-94a7431113.png,4456726,uploaded,dry-run-upload; shopify_http=200
orders,6a7107d4843106efed4337d6,items[0].image,https://cdn.shopify.com/s/files/1/0651/9560/6075/files/toyota-corolla-side-mirror-neon-indicator-light-with-3-options-96173058.webp?v=1783178654,https://res.cloudinary.com/dquier8fv/image/upload/v1787227029/storecraft/gujranwalamotorsports/products/rehost/toyota-corolla-side-mirror-neon-indicator-light-with-3-optio-ddb419ef03.jpg,0,skipped_existing,same-run cache; shopify_http=200
orders,6a71909e843106efed4338c1,items[0].image,https://cdn.shopify.com/s/files/1/0651/9560/6075/files/toyota-corolla-side-mirror-neon-indicator-light-with-3-options-96173058.webp?v=1783178654,https://res.cloudinary.com/dquier8fv/image/upload/v1787227029/storecraft/gujranwalamotorsports/products/rehost/toyota-corolla-side-mirror-neon-indicator-light-with-3-optio-ddb419ef03.jpg,0,skipped_existing,same-run cache; shopify_http=200
orders,6a71bdbe843106efed43390c,items[0].image,https://cdn.shopify.com/s/files/1/0651/9560/6075/files/devil.webp?v=1771437372,https://res.cloudinary.com/dquier8fv/image/upload/v1787335206/storecraft/gujranwalamotorsports/products/rehost/devil-e0765b5234.jpg,128479,uploaded,dry-run-upload; shopify_http=200
orders,6a71cb32843106efed433929,items[0].image,https://cdn.shopify.com/s/files/1/0651/9560/6075/files/Toyota_Steering_Logo_Carbon_Fiber_Style_Logo.jpg?v=1772050753,https://res.cloudinary.com/dquier8fv/image/upload/v1787335162/storecraft/gujranwalamotorsports/products/rehost/toyota-steering-logo-carbon-fiber-style-logo-f0b0e8fcda.jpg,0,skipped_existing,same-run cache; shopify_http=200
orders,6a724489843106efed433a34,items[0].image,https://cdn.shopify.com/s/files/1/0651/9560/6075/files/Toyota_Steering_Logo_Carbon_Fiber_Style_Logo.jpg?v=1772050753,https://res.cloudinary.com/dquier8fv/image/upload/v1787335162/storecraft/gujranwalamotorsports/products/rehost/toyota-steering-logo-carbon-fiber-style-logo-f0b0e8fcda.jpg,0,skipped_existing,same-run cache; shopify_http=200
orders,6a724f15843106efed433a4b,items[0].image,https://cdn.shopify.com/s/files/1/0651/9560/6075/files/corolla_trim.jpg?v=1772050269,https://res.cloudinary.com/dquier8fv/image/upload/v1787335174/storecraft/gujranwalamotorsports/products/rehost/corolla-trim-e3c338d363.jpg,0,skipped_existing,same-run cache; shopify_http=200
orders,6a724f15843106efed433a4b,items[1].image,https://cdn.shopify.com/s/files/1/0651/9560/6075/files/Toyota_Steering_Logo_Carbon_Fiber_Style_Logo.jpg?v=1772050753,https://res.cloudinary.com/dquier8fv/image/upload/v1787335162/storecraft/gujranwalamotorsports/products/rehost/toyota-steering-logo-carbon-fiber-style-logo-f0b0e8fcda.jpg,0,skipped_existing,same-run cache; shopify_http=200
orders,6a724f15843106efed433a4b,items[2].image,https://cdn.shopify.com/s/files/1/0651/9560/6075/files/images_6.jpg?v=1784015758,https://res.cloudinary.com/dquier8fv/image/upload/v1787335207/storecraft/gujranwalamotorsports/products/rehost/images-6-a3c00b2505.jpg,21247,uploaded,dry-run-upload; shopify_http=200
orders,6a7253cd843106efed433a5a,items[0].image,https://cdn.shopify.com/s/files/1/0651/9560/6075/files/blip1.webp?v=1780042589,https://res.cloudinary.com/dquier8fv/image/upload/v1787335154/storecraft/gujranwalamotorsports/products/rehost/blip1-3b5040e2f7.jpg,0,skipped_existing,same-run cache; shopify_http=200
orders,6a729427843106efed433a8e,items[0].image,https://cdn.shopify.com/s/files/1/0651/9560/6075/files/toyota-corolla-side-mirror-neon-indicator-light-with-3-options-96173058.webp?v=1783178654,https://res.cloudinary.com/dquier8fv/image/upload/v1787227029/storecraft/gujranwalamotorsports/products/rehost/toyota-corolla-side-mirror-neon-indicator-light-with-3-optio-ddb419ef03.jpg,0,skipped_existing,same-run cache; shopify_http=200
orders,6a72a286843106efed433a9a,items[0].image,https://cdn.shopify.com/s/files/1/0651/9560/6075/files/toyota-corolla-side-mirror-neon-indicator-light-with-3-options-96173058.webp?v=1783178654,https://res.cloudinary.com/dquier8fv/image/upload/v1787227029/storecraft/gujranwalamotorsports/products/rehost/toyota-corolla-side-mirror-neon-indicator-light-with-3-optio-ddb419ef03.jpg,0,skipped_existing,same-run cache; shopify_http=200
orders,6a72bb84843106efed433aaa,items[0].image,https://cdn.shopify.com/s/files/1/0651/9560/6075/files/toyota-corolla-side-mirror-neon-indicator-light-with-3-options-96173058.webp?v=1783178654,https://res.cloudinary.com/dquier8fv/image/upload/v1787227029/storecraft/gujranwalamotorsports/products/rehost/toyota-corolla-side-mirror-neon-indicator-light-with-3-optio-ddb419ef03.jpg,0,skipped_existing,same-run cache; shopify_http=200
orders,6a72cae5843106efed433b3b,items[0].image,https://cdn.shopify.com/s/files/1/0651/9560/6075/files/devil.webp?v=1771437372,https://res.cloudinary.com/dquier8fv/image/upload/v1787335206/storecraft/gujranwalamotorsports/products/rehost/devil-e0765b5234.jpg,0,skipped_existing,same-run cache; shopify_http=200
orders,6a72fc65843106efed433ba5,items[0].image,https://cdn.shopify.com/s/files/1/0651/9560/6075/files/HONDA-CIVIC-2017-CARBON-GEAR-KNOB-COVER-1600-WEBP-DONE.webp?v=1780123868,https://res.cloudinary.com/dquier8fv/image/upload/v1787335161/storecraft/gujranwalamotorsports/products/rehost/honda-civic-2017-carbon-gear-knob-cover-1600-webp-done-ea6114cf20.jpg,0,skipped_existing,same-run cache; shopify_http=200
orders,6a735aa2843106efed433c43,items[0].image,https://cdn.shopify.com/s/files/1/0651/9560/6075/files/gesture.webp?v=1771409632,https://res.cloudinary.com/dquier8fv/image/upload/v1787335124/storecraft/gujranwalamotorsports/products/rehost/gesture-e9cafe31f4.jpg,0,skipped_existing,same-run cache; shopify_http=200
orders,6a738543ef7f80b098270313,items[0].image,https://cdn.shopify.com/s/files/1/0651/9560/6075/files/toyota-corolla-side-mirror-neon-indicator-light-with-3-options-96173058.webp?v=1783178654,https://res.cloudinary.com/dquier8fv/image/upload/v1787227029/storecraft/gujranwalamotorsports/products/rehost/toyota-corolla-side-mirror-neon-indicator-light-with-3-optio-ddb419ef03.jpg,0,skipped_existing,same-run cache; shopify_http=200
orders,6a73bba8ef7f80b09827037f,items[0].image,https://cdn.shopify.com/s/files/1/0651/9560/6075/files/gesture.webp?v=1771409632,https://res.cloudinary.com/dquier8fv/image/upload/v1787335124/storecraft/gujranwalamotorsports/products/rehost/gesture-e9cafe31f4.jpg,0,skipped_existing,same-run cache; shopify_http=200
orders,6a73c0c3ef7f80b098270387,items[0].image,https://cdn.shopify.com/s/files/1/0651/9560/6075/files/gesture.webp?v=1771409632,https://res.cloudinary.com/dquier8fv/image/upload/v1787335124/storecraft/gujranwalamotorsports/products/rehost/gesture-e9cafe31f4.jpg,0,skipped_existing,same-run cache; shopify_http=200
orders,6a73ce055c7da28a59796754,items[0].image,https://cdn.shopify.com/s/files/1/0651/9560/6075/files/brembo3.webp?v=1771269137,https://res.cloudinary.com/dquier8fv/image/upload/v1787335153/storecraft/gujranwalamotorsports/products/rehost/brembo3-d36721a838.jpg,0,skipped_existing,same-run cache; shopify_http=200
orders,6a74297a9bc06b53cc01ea6b,items[0].image,https://cdn.shopify.com/s/files/1/0651/9560/6075/files/fog_4_colour.webp?v=1780042505,https://res.cloudinary.com/dquier8fv/image/upload/v1787335208/storecraft/gujranwalamotorsports/products/rehost/fog-4-colour-912b4e384b.jpg,51243,uploaded,dry-run-upload; shopify_http=200
orders,6a74c5099bc06b53cc01eb47,items[0].image,https://cdn.shopify.com/s/files/1/0651/9560/6075/files/Honda_civic_Louvers_11_gen.jpg?v=1772004923,https://res.cloudinary.com/dquier8fv/image/upload/v1787335210/storecraft/gujranwalamotorsports/products/rehost/honda-civic-louvers-11-gen-16fab169fb.jpg,21705,uploaded,dry-run-upload; shopify_http=200
orders,6a755d2e9bc06b53cc01ec17,items[0].image,https://cdn.shopify.com/s/files/1/0651/9560/6075/files/honda-city-2021-2024-trunk-spoiler-unpainted-107641994.webp?v=1776434197,https://res.cloudinary.com/dquier8fv/image/upload/v1787335212/storecraft/gujranwalamotorsports/products/rehost/honda-city-2021-2024-trunk-spoiler-unpainted-107641994-3e26b382d5.jpg,58069,uploaded,dry-run-upload; shopify_http=200
orders,6a755d2e9bc06b53cc01ec17,items[1].image,https://cdn.shopify.com/s/files/1/0651/9560/6075/files/HondaCityModuloStyleBodyKitInFiberGlassModel2021-2025_758165d1-f6fd-4b2b-903d-72fa0cd6f49b.webp?v=1780346351,https://res.cloudinary.com/dquier8fv/image/upload/v1787335215/storecraft/gujranwalamotorsports/products/rehost/hondacitymodulostylebodykitinfiberglassmodel2021-2025-758165-61b49719cc.png,881524,uploaded,dry-run-upload; shopify_http=200
orders,6a75b0199bc06b53cc01ec94,items[0].image,https://cdn.shopify.com/s/files/1/0651/9560/6075/files/Toyota_Steering_Logo_Carbon_Fiber_Style_Logo.jpg?v=1772050753,https://res.cloudinary.com/dquier8fv/image/upload/v1787335162/storecraft/gujranwalamotorsports/products/rehost/toyota-steering-logo-carbon-fiber-style-logo-f0b0e8fcda.jpg,0,skipped_existing,same-run cache; shopify_http=200
orders,6a75b62b9bc06b53cc01ec9d,items[1].image,https://cdn.shopify.com/s/files/1/0651/9560/6075/files/CarSideAirFlowVentsFenderDecorationCompatibleFenderTrimABS_FenderFlares.jpg?v=1776972519,https://res.cloudinary.com/dquier8fv/image/upload/v1787335216/storecraft/gujranwalamotorsports/products/rehost/carsideairflowventsfenderdecorationcompatiblefendertrimabs-f-c4eee052b7.jpg,26318,uploaded,dry-run-upload; shopify_http=200
orders,6a75e25c9bc06b53cc01ed49,items[0].image,https://cdn.shopify.com/s/files/1/0651/9560/6075/files/HONDA-REBORN-2007-GEAR-CARBON-COVER-TRIM-GOAL-1600.webp?v=1780307337,https://res.cloudinary.com/dquier8fv/image/upload/v1787335218/storecraft/gujranwalamotorsports/products/rehost/honda-reborn-2007-gear-carbon-cover-trim-goal-1600-761010add3.jpg,123992,uploaded,dry-run-upload; shopify_http=200
orders,6a75ef7f9bc06b53cc01ed5b,items[0].image,https://cdn.shopify.com/s/files/1/0651/9560/6075/files/corolla_door_handle_2ccdc397-bd24-4997-a2a7-6edbf14b6df2.jpg?v=1767708304,https://res.cloudinary.com/dquier8fv/image/upload/v1787335219/storecraft/gujranwalamotorsports/products/rehost/corolla-door-handle-2ccdc397-bd24-4997-a2a7-6edbf14b6df2-5e7ff0f533.jpg,27813,uploaded,dry-run-upload; shopify_http=200
orders,6a75efbe9bc06b53cc01ed60,items[0].image,https://cdn.shopify.com/s/files/1/0651/9560/6075/files/Toyota_Steering_Logo_Carbon_Fiber_Style_Logo.jpg?v=1772050753,https://res.cloudinary.com/dquier8fv/image/upload/v1787335162/storecraft/gujranwalamotorsports/products/rehost/toyota-steering-logo-carbon-fiber-style-logo-f0b0e8fcda.jpg,0,skipped_existing,same-run cache; shopify_http=200
vehicles,6a5cd43ceb06d36eb2ac1cd7,image,https://cdn.shopify.com/s/files/1/0651/9560/6075/collections/e140.webp?v=1773855360,https://res.cloudinary.com/dquier8fv/image/upload/v1787227009/storecraft/gujranwalamotorsports/cars/rehost/e140-9662090e60.jpg,89664,uploaded,dry-run-upload; shopify_http=200
vehicles,6a5cd43deb06d36eb2ac1cd8,image,https://cdn.shopify.com/s/files/1/0651/9560/6075/collections/1.8-white-scaled.jpg?v=1773852593,https://res.cloudinary.com/dquier8fv/image/upload/v1787227010/storecraft/gujranwalamotorsports/cars/rehost/1-8-white-scaled-613250a0ca.jpg,193563,uploaded,dry-run-upload; shopify_http=200
vehicles,6a5cd43deb06d36eb2ac1cd9,image,https://cdn.shopify.com/s/files/1/0651/9560/6075/collections/Totota_corolla_yaris.jpg?v=1780170187,https://res.cloudinary.com/dquier8fv/image/upload/v1787227011/storecraft/gujranwalamotorsports/cars/rehost/totota-corolla-yaris-0d6035f300.jpg,34507,uploaded,dry-run-upload; shopify_http=200
vehicles,6a5cd43deb06d36eb2ac1cda,image,https://cdn.shopify.com/s/files/1/0651/9560/6075/collections/Toyota-Aqua_2012.jpg?v=1780170774,https://res.cloudinary.com/dquier8fv/image/upload/v1787227012/storecraft/gujranwalamotorsports/cars/rehost/toyota-aqua-2012-494cd0b75f.jpg,32337,uploaded,dry-run-upload; shopify_http=200
vehicles,6a5cd43deb06d36eb2ac1cdb,image,https://cdn.shopify.com/s/files/1/0651/9560/6075/collections/Toyota_Vitz_420x_crop_center_faea2e4c-1412-49f7-beb0-e02b89195526.webp?v=1780170638,https://res.cloudinary.com/dquier8fv/image/upload/v1787227013/storecraft/gujranwalamotorsports/cars/rehost/toyota-vitz-420x-crop-center-faea2e4c-1412-49f7-beb0-e02b891-ed58337bf6.jpg,12367,uploaded,dry-run-upload; shopify_http=200
vehicles,6a5cd43deb06d36eb2ac1cdc,image,https://cdn.shopify.com/s/files/1/0651/9560/6075/collections/reborn.jpg?v=1771878076,https://res.cloudinary.com/dquier8fv/image/upload/v1787227014/storecraft/gujranwalamotorsports/cars/rehost/reborn-d6e8677ab5.jpg,25514,uploaded,dry-run-upload; shopify_http=200
vehicles,6a5cd43deb06d36eb2ac1cdd,image,https://cdn.shopify.com/s/files/1/0651/9560/6075/collections/rebirth.jpg?v=1771878231,https://res.cloudinary.com/dquier8fv/image/upload/v1787227015/storecraft/gujranwalamotorsports/cars/rehost/rebirth-f0c3fcb1b2.jpg,5605,uploaded,dry-run-upload; shopify_http=200
vehicles,6a5cd43deb06d36eb2ac1cde,image,https://cdn.shopify.com/s/files/1/0651/9560/6075/collections/2020-honda-civic-sport-manual-angular-front-exterior-view_100751892_l_9ea4bb02-a752-48b4-8be7-1e7dbbce139a.jpg?v=1773854472,https://res.cloudinary.com/dquier8fv/image/upload/v1787227015/storecraft/gujranwalamotorsports/cars/rehost/2020-honda-civic-sport-manual-angular-front-exterior-view-10-93059fd7a7.jpg,39056,uploaded,dry-run-upload; shopify_http=200
vehicles,6a5cd43deb06d36eb2ac1cdf,image,https://cdn.shopify.com/s/files/1/0651/9560/6075/collections/civic-11th-cover.jpg?v=1773685986,https://res.cloudinary.com/dquier8fv/image/upload/v1787227016/storecraft/gujranwalamotorsports/cars/rehost/civic-11th-cover-ada6277e9c.jpg,28205,uploaded,dry-run-upload; shopify_http=200
vehicles,6a5cd43deb06d36eb2ac1ce0,image,https://cdn.shopify.com/s/files/1/0651/9560/6075/collections/City-old_ccc718e9-54ae-4f1b-b239-7bbb03fd9bbb.jpg?v=1773853476,https://res.cloudinary.com/dquier8fv/image/upload/v1787227017/storecraft/gujranwalamotorsports/cars/rehost/city-old-ccc718e9-54ae-4f1b-b239-7bbb03fd9bbb-1b05e99f7b.jpg,11827,uploaded,dry-run-upload; shopify_http=200
vehicles,6a5cd43deb06d36eb2ac1ce1,image,https://cdn.shopify.com/s/files/1/0651/9560/6075/collections/honda_city.webp?v=1773853788,https://res.cloudinary.com/dquier8fv/image/upload/v1787227018/storecraft/gujranwalamotorsports/cars/rehost/honda-city-f03157a9d0.jpg,14672,uploaded,dry-run-upload; shopify_http=200
vehicles,6a5cd43deb06d36eb2ac1ce2,image,https://cdn.shopify.com/s/files/1/0651/9560/6075/collections/Hyundai_Elantra_Limited.jpg?v=1775826465,https://res.cloudinary.com/dquier8fv/image/upload/v1787227021/storecraft/gujranwalamotorsports/cars/rehost/hyundai-elantra-limited-dbc248db35.jpg,24596,uploaded,dry-run-upload; shopify_http=200
vehicles,6a5cd43deb06d36eb2ac1ce3,image,https://cdn.shopify.com/s/files/1/0651/9560/6075/collections/Hyundai_Elantra_2026_50fcc4dd-9fe7-4a84-bb79-69acf6951825.jpg?v=1775849463,https://res.cloudinary.com/dquier8fv/image/upload/v1787227022/storecraft/gujranwalamotorsports/cars/rehost/hyundai-elantra-2026-50fcc4dd-9fe7-4a84-bb79-69acf6951825-bfe471c1a2.jpg,58345,uploaded,dry-run-upload; shopify_http=200
vehicles,6a5cd43eeb06d36eb2ac1ce4,image,https://cdn.shopify.com/s/files/1/0651/9560/6075/collections/Hyuandi_Conata.webp?v=1775849207,https://res.cloudinary.com/dquier8fv/image/upload/v1787227023/storecraft/gujranwalamotorsports/cars/rehost/hyuandi-conata-4ab092ca09.jpg,15178,uploaded,dry-run-upload; shopify_http=200
vehicles,6a5cd43eeb06d36eb2ac1ce5,image,https://cdn.shopify.com/s/files/1/0651/9560/6075/collections/haval-H6.png?v=1773854230,https://res.cloudinary.com/dquier8fv/image/upload/v1787227026/storecraft/gujranwalamotorsports/cars/rehost/haval-h6-541697cf85.png,176021,uploaded,dry-run-upload; shopify_http=200
vehicles,6a5cd43eeb06d36eb2ac1ce6,image,https://cdn.shopify.com/s/files/1/0651/9560/6075/collections/Alto-Solid-White-720x466.webp?v=1773855226,https://res.cloudinary.com/dquier8fv/image/upload/v1787227024/storecraft/gujranwalamotorsports/cars/rehost/alto-solid-white-720x466-21008b6578.jpg,23015,uploaded,dry-run-upload; shopify_http=200
vehicles,6a5cd43eeb06d36eb2ac1ce7,image,https://cdn.shopify.com/s/files/1/0651/9560/6075/collections/Suzuki-Swift-new-shape.jpg?v=1775827594,https://res.cloudinary.com/dquier8fv/image/upload/v1787227025/storecraft/gujranwalamotorsports/cars/rehost/suzuki-swift-new-shape-12f67a6c03.jpg,29645,uploaded,dry-run-upload; shopify_http=200
vehicles,6a5d268789c0c8d16c6920dc,image,https://cdn.shopify.com/s/files/1/0651/9560/6075/files/fbb1f8d5-2b26-477c-9560-2b17c440f33e_wm.jpg?v=1780415097,https://res.cloudinary.com/dquier8fv/image/upload/v1787227020/storecraft/gujranwalamotorsports/cars/rehost/fbb1f8d5-2b26-477c-9560-2b17c440f33e-wm-bd0e912c63.jpg,156197,uploaded,dry-run-upload; shopify_http=200
vehicles,6a6654eb3bb8321551efe1d8,image,https://cdn.shopify.com/s/files/1/0651/9560/6075/files/fbb1f8d5-2b26-477c-9560-2b17c440f33e_wm.jpg?v=1780415097,https://res.cloudinary.com/dquier8fv/image/upload/v1787227020/storecraft/gujranwalamotorsports/cars/rehost/fbb1f8d5-2b26-477c-9560-2b17c440f33e-wm-bd0e912c63.jpg,0,skipped_existing,same-run cache; shopify_http=200
categories,6a5ccf34eb06d36eb2ac1af3,image.url,https://cdn.shopify.com/s/files/1/0651/9560/6075/collections/louvers.webp?v=1767354329,https://res.cloudinary.com/dquier8fv/image/upload/v1787227168/storecraft/gujranwalamotorsports/categories/rehost/louvers-620b599340.jpg,97475,uploaded,dry-run-upload; shopify_http=200
categories,6a5ccf35eb06d36eb2ac1af7,image.url,https://cdn.shopify.com/s/files/1/0651/9560/6075/collections/aeroplane2_e48b692e-b9c9-4340-8880-d376a9d81384.jpg?v=1767815096,https://res.cloudinary.com/dquier8fv/image/upload/v1787227169/storecraft/gujranwalamotorsports/categories/rehost/aeroplane2-e48b692e-b9c9-4340-8880-d376a9d81384-0604070a1f.jpg,73052,uploaded,dry-run-upload; shopify_http=200
categories,6a5ccf35eb06d36eb2ac1afb,image.url,https://cdn.shopify.com/s/files/1/0651/9560/6075/collections/turn_light.webp?v=1767368236,https://res.cloudinary.com/dquier8fv/image/upload/v1787227170/storecraft/gujranwalamotorsports/categories/rehost/turn-light-6579d0a978.jpg,179335,uploaded,dry-run-upload; shopify_http=200
categories,6a5ccf35eb06d36eb2ac1afe,image.url,https://cdn.shopify.com/s/files/1/0651/9560/6075/collections/robe.jpg?v=1767357771,https://res.cloudinary.com/dquier8fv/image/upload/v1787227171/storecraft/gujranwalamotorsports/categories/rehost/robe-c493e76a0b.jpg,133199,uploaded,dry-run-upload; shopify_http=200
categories,6a5dd59389c0c8d16c693831,image.url,https://cdn.shopify.com/s/files/1/0651/9560/6075/files/Corolla_e170_door_handles.webp?v=1784231595,https://res.cloudinary.com/dquier8fv/image/upload/v1787227027/storecraft/gujranwalamotorsports/products/rehost/corolla-e170-door-handles-b687fc7b0a.jpg,0,skipped_existing,same-run cache; shopify_http=200
categories,6a5e5e6d89c0c8d16c695db6,image.url,https://cdn.shopify.com/s/files/1/0651/9560/6075/files/Toyota_Corolla_X_Shark_Fin_Style_Rear_Bumper_Diffuser_Gloss_Black_05fef0d4-8235-4f60-829c-c1b1c625124c.jpg?v=1781032215,https://res.cloudinary.com/dquier8fv/image/upload/v1787227174/storecraft/gujranwalamotorsports/categories/rehost/toyota-corolla-x-shark-fin-style-rear-bumper-diffuser-gloss--eb9231017b.jpg,9636,uploaded,dry-run-upload; shopify_http=200
categories,6a5e5e6d89c0c8d16c695db7,image.url,https://cdn.shopify.com/s/files/1/0651/9560/6075/files/Universal-Car-Antirust-Door-Lock-Cover-By-GulAutos.webp?v=1780125509,https://res.cloudinary.com/dquier8fv/image/upload/v1787335180/storecraft/gujranwalamotorsports/products/rehost/universal-car-antirust-door-lock-cover-by-gulautos-77adcc5ae3.jpg,0,skipped_existing,same-run cache; shopify_http=200
categories,6a5e5e6e89c0c8d16c695db9,image.url,https://cdn.shopify.com/s/files/1/0651/9560/6075/files/Toyota_Steering_Logo_Carbon_Fiber_Style_Logo.jpg?v=1772050753,https://res.cloudinary.com/dquier8fv/image/upload/v1787335162/storecraft/gujranwalamotorsports/products/rehost/toyota-steering-logo-carbon-fiber-style-logo-f0b0e8fcda.jpg,0,skipped_existing,same-run cache; shopify_http=200
categories,6a5e5e7189c0c8d16c695dcc,image.url,https://cdn.shopify.com/s/files/1/0651/9560/6075/files/fog_4_colour.webp?v=1780042505,https://res.cloudinary.com/dquier8fv/image/upload/v1787335208/storecraft/gujranwalamotorsports/products/rehost/fog-4-colour-912b4e384b.jpg,0,skipped_existing,same-run cache; shopify_http=200
categories,6a5e5e7189c0c8d16c695dcd,image.url,https://cdn.shopify.com/s/files/1/0651/9560/6075/files/images.jpg?v=1781463618,https://res.cloudinary.com/dquier8fv/image/upload/v1787227178/storecraft/gujranwalamotorsports/categories/rehost/images-eaf21c4dac.jpg,5393,uploaded,dry-run-upload; shopify_http=200
categories,6a5e5e7189c0c8d16c695dcf,image.url,https://cdn.shopify.com/s/files/1/0651/9560/6075/files/toyota-corolla-x-2021-2023-rear-reflector-bumper-led-light-81436801.webp?v=1774275971,https://res.cloudinary.com/dquier8fv/image/upload/v1787227179/storecraft/gujranwalamotorsports/categories/rehost/toyota-corolla-x-2021-2023-rear-reflector-bumper-led-light-8-f7a529e0ca.jpg,42678,uploaded,dry-run-upload; shopify_http=200
categories,6a5e5e7289c0c8d16c695dd6,image.url,https://cdn.shopify.com/s/files/1/0651/9560/6075/files/devil.webp?v=1771437372,https://res.cloudinary.com/dquier8fv/image/upload/v1787335206/storecraft/gujranwalamotorsports/products/rehost/devil-e0765b5234.jpg,0,skipped_existing,same-run cache; shopify_http=200
categories,6a5e5e7289c0c8d16c695dd8,image.url,https://cdn.shopify.com/s/files/1/0651/9560/6075/files/honda-civic-reborn-2006-2012-multimedia-steering-wheel-audio-control-buttons-83421514.webp?v=1781895327,https://res.cloudinary.com/dquier8fv/image/upload/v1787227181/storecraft/gujranwalamotorsports/categories/rehost/honda-civic-reborn-2006-2012-multimedia-steering-wheel-audio-46f83b16b7.jpg,82504,uploaded,dry-run-upload; shopify_http=200
categories,6a5e5e7489c0c8d16c695ddf,image.url,https://cdn.shopify.com/s/files/1/0651/9560/6075/files/chyarger5.jpg?v=1771408369,https://res.cloudinary.com/dquier8fv/image/upload/v1787227182/storecraft/gujranwalamotorsports/categories/rehost/chyarger5-252c019ba6.jpg,27912,uploaded,dry-run-upload; shopify_http=200
categories,6a7aa17682bfd0d683b444fe,image.url,https://cdn.shopify.com/s/files/1/0651/9560/6075/files/BATMAN-BACK-2-PCS-CARBON-FIBER-1600.webp?v=1780430667,https://res.cloudinary.com/dquier8fv/image/upload/v1787227173/storecraft/gujranwalamotorsports/categories/rehost/batman-back-2-pcs-carbon-fiber-1600-7a9a19540e.jpg,159502,uploaded,dry-run-upload; shopify_http=200
carcatalogs,6a7aa19a277a277067df4d9f,models[0].image,https://cdn.shopify.com/s/files/1/0651/9560/6075/collections/e140.webp?v=1773855360,https://res.cloudinary.com/dquier8fv/image/upload/v1787227009/storecraft/gujranwalamotorsports/cars/rehost/e140-9662090e60.jpg,0,skipped_existing,same-run cache; shopify_http=200
carcatalogs,6a7aa19a277a277067df4d9f,models[1].image,https://cdn.shopify.com/s/files/1/0651/9560/6075/collections/1.8-white-scaled.jpg?v=1773852593,https://res.cloudinary.com/dquier8fv/image/upload/v1787227010/storecraft/gujranwalamotorsports/cars/rehost/1-8-white-scaled-613250a0ca.jpg,0,skipped_existing,same-run cache; shopify_http=200
carcatalogs,6a7aa19a277a277067df4d9f,models[2].image,https://cdn.shopify.com/s/files/1/0651/9560/6075/collections/Totota_corolla_yaris.jpg?v=1780170187,https://res.cloudinary.com/dquier8fv/image/upload/v1787227011/storecraft/gujranwalamotorsports/cars/rehost/totota-corolla-yaris-0d6035f300.jpg,0,skipped_existing,same-run cache; shopify_http=200
carcatalogs,6a7aa19a277a277067df4d9f,models[3].image,https://cdn.shopify.com/s/files/1/0651/9560/6075/collections/Toyota-Aqua_2012.jpg?v=1780170774,https://res.cloudinary.com/dquier8fv/image/upload/v1787227012/storecraft/gujranwalamotorsports/cars/rehost/toyota-aqua-2012-494cd0b75f.jpg,0,skipped_existing,same-run cache; shopify_http=200
carcatalogs,6a7aa19a277a277067df4d9f,models[4].image,https://cdn.shopify.com/s/files/1/0651/9560/6075/collections/Toyota_Vitz_420x_crop_center_faea2e4c-1412-49f7-beb0-e02b89195526.webp?v=1780170638,https://res.cloudinary.com/dquier8fv/image/upload/v1787227013/storecraft/gujranwalamotorsports/cars/rehost/toyota-vitz-420x-crop-center-faea2e4c-1412-49f7-beb0-e02b891-ed58337bf6.jpg,0,skipped_existing,same-run cache; shopify_http=200
carcatalogs,6a7aa19a277a277067df4da5,models[0].image,https://cdn.shopify.com/s/files/1/0651/9560/6075/collections/reborn.jpg?v=1771878076,https://res.cloudinary.com/dquier8fv/image/upload/v1787227014/storecraft/gujranwalamotorsports/cars/rehost/reborn-d6e8677ab5.jpg,0,skipped_existing,same-run cache; shopify_http=200
carcatalogs,6a7aa19a277a277067df4da5,models[1].image,https://cdn.shopify.com/s/files/1/0651/9560/6075/collections/rebirth.jpg?v=1771878231,https://res.cloudinary.com/dquier8fv/image/upload/v1787227015/storecraft/gujranwalamotorsports/cars/rehost/rebirth-f0c3fcb1b2.jpg,0,skipped_existing,same-run cache; shopify_http=200
carcatalogs,6a7aa19a277a277067df4da5,models[2].image,https://cdn.shopify.com/s/files/1/0651/9560/6075/collections/2020-honda-civic-sport-manual-angular-front-exterior-view_100751892_l_9ea4bb02-a752-48b4-8be7-1e7dbbce139a.jpg?v=1773854472,https://res.cloudinary.com/dquier8fv/image/upload/v1787227015/storecraft/gujranwalamotorsports/cars/rehost/2020-honda-civic-sport-manual-angular-front-exterior-view-10-93059fd7a7.jpg,0,skipped_existing,same-run cache; shopify_http=200
carcatalogs,6a7aa19a277a277067df4da5,models[3].image,https://cdn.shopify.com/s/files/1/0651/9560/6075/collections/civic-11th-cover.jpg?v=1773685986,https://res.cloudinary.com/dquier8fv/image/upload/v1787227016/storecraft/gujranwalamotorsports/cars/rehost/civic-11th-cover-ada6277e9c.jpg,0,skipped_existing,same-run cache; shopify_http=200
carcatalogs,6a7aa19a277a277067df4da5,models[4].image,https://cdn.shopify.com/s/files/1/0651/9560/6075/collections/City-old_ccc718e9-54ae-4f1b-b239-7bbb03fd9bbb.jpg?v=1773853476,https://res.cloudinary.com/dquier8fv/image/upload/v1787227017/storecraft/gujranwalamotorsports/cars/rehost/city-old-ccc718e9-54ae-4f1b-b239-7bbb03fd9bbb-1b05e99f7b.jpg,0,skipped_existing,same-run cache; shopify_http=200
carcatalogs,6a7aa19a277a277067df4da5,models[5].image,https://cdn.shopify.com/s/files/1/0651/9560/6075/collections/honda_city.webp?v=1773853788,https://res.cloudinary.com/dquier8fv/image/upload/v1787227018/storecraft/gujranwalamotorsports/cars/rehost/honda-city-f03157a9d0.jpg,0,skipped_existing,same-run cache; shopify_http=200
carcatalogs,6a7aa19a277a277067df4da5,models[7].image,https://cdn.shopify.com/s/files/1/0651/9560/6075/files/fbb1f8d5-2b26-477c-9560-2b17c440f33e_wm.jpg?v=1780415097,https://res.cloudinary.com/dquier8fv/image/upload/v1787227020/storecraft/gujranwalamotorsports/cars/rehost/fbb1f8d5-2b26-477c-9560-2b17c440f33e-wm-bd0e912c63.jpg,0,skipped_existing,same-run cache; shopify_http=200
carcatalogs,6a7aa19a277a277067df4dad,models[0].image,https://cdn.shopify.com/s/files/1/0651/9560/6075/collections/Hyundai_Elantra_Limited.jpg?v=1775826465,https://res.cloudinary.com/dquier8fv/image/upload/v1787227021/storecraft/gujranwalamotorsports/cars/rehost/hyundai-elantra-limited-dbc248db35.jpg,0,skipped_existing,same-run cache; shopify_http=200
carcatalogs,6a7aa19a277a277067df4dad,models[1].image,https://cdn.shopify.com/s/files/1/0651/9560/6075/collections/Hyundai_Elantra_2026_50fcc4dd-9fe7-4a84-bb79-69acf6951825.jpg?v=1775849463,https://res.cloudinary.com/dquier8fv/image/upload/v1787227022/storecraft/gujranwalamotorsports/cars/rehost/hyundai-elantra-2026-50fcc4dd-9fe7-4a84-bb79-69acf6951825-bfe471c1a2.jpg,0,skipped_existing,same-run cache; shopify_http=200
carcatalogs,6a7aa19a277a277067df4dad,models[2].image,https://cdn.shopify.com/s/files/1/0651/9560/6075/collections/Hyuandi_Conata.webp?v=1775849207,https://res.cloudinary.com/dquier8fv/image/upload/v1787227023/storecraft/gujranwalamotorsports/cars/rehost/hyuandi-conata-4ab092ca09.jpg,0,skipped_existing,same-run cache; shopify_http=200
carcatalogs,6a7aa19a277a277067df4db1,models[0].image,https://cdn.shopify.com/s/files/1/0651/9560/6075/collections/Alto-Solid-White-720x466.webp?v=1773855226,https://res.cloudinary.com/dquier8fv/image/upload/v1787227024/storecraft/gujranwalamotorsports/cars/rehost/alto-solid-white-720x466-21008b6578.jpg,0,skipped_existing,same-run cache; shopify_http=200
carcatalogs,6a7aa19a277a277067df4db1,models[1].image,https://cdn.shopify.com/s/files/1/0651/9560/6075/collections/Suzuki-Swift-new-shape.jpg?v=1775827594,https://res.cloudinary.com/dquier8fv/image/upload/v1787227025/storecraft/gujranwalamotorsports/cars/rehost/suzuki-swift-new-shape-12f67a6c03.jpg,0,skipped_existing,same-run cache; shopify_http=200
carcatalogs,6a7aa19a277a277067df4db4,models[0].image,https://cdn.shopify.com/s/files/1/0651/9560/6075/collections/haval-H6.png?v=1773854230,https://res.cloudinary.com/dquier8fv/image/upload/v1787227026/storecraft/gujranwalamotorsports/cars/rehost/haval-h6-541697cf85.png,0,skipped_existing,same-run cache; shopify_http=200
invoices,6a64ef02452b7fd109800433,items[0].image,https://cdn.shopify.com/s/files/1/0651/9560/6075/files/corolla_2015-2026_Carbon_Mirror_Cover.png?v=1772274262,https://res.cloudinary.com/dquier8fv/image/upload/v1787335269/storecraft/gujranwalamotorsports/products/rehost/corolla-2015-2026-carbon-mirror-cover-90940eb930.png,187882,uploaded,dry-run-upload; shopify_http=200
invoices,6a68ef5b63cffcb5fca8613c,items[0].image,https://cdn.shopify.com/s/files/1/0651/9560/6075/files/HondaCivicCarbonFiberGearShiftLeverKnobCoverTrim3pcModel2016-2021.jpg?v=1780123951,https://res.cloudinary.com/dquier8fv/image/upload/v1787335272/storecraft/gujranwalamotorsports/products/rehost/hondaciviccarbonfibergearshiftleverknobcovertrim3pcmodel2016-a472b4842a.jpg,115062,uploaded,dry-run-upload; shopify_http=200
invoices,6a6ccb851c070689c22b8540,items[0].image,https://cdn.shopify.com/s/files/1/0651/9560/6075/files/Hand_sewing_Top_Alcantara_Suede_With_Matt_Carbon_Fiber_Steering_Wheel_Cover.jpg?v=1781031659,https://res.cloudinary.com/dquier8fv/image/upload/v1787335274/storecraft/gujranwalamotorsports/products/rehost/hand-sewing-top-alcantara-suede-with-matt-carbon-fiber-steer-309cd584cb.jpg,141605,uploaded,dry-run-upload; shopify_http=200
invoices,6a6ccb851c070689c22b8540,items[1].image,https://cdn.shopify.com/s/files/1/0651/9560/6075/files/x.jpg?v=1768033382,https://res.cloudinary.com/dquier8fv/image/upload/v1787335276/storecraft/gujranwalamotorsports/products/rehost/x-0a1d0f2e48.jpg,19514,uploaded,dry-run-upload; shopify_http=200
invoices,6a6ccb851c070689c22b8540,items[2].image,https://cdn.shopify.com/s/files/1/0651/9560/6075/files/honda_steering_mono.webp?v=1771960211,https://res.cloudinary.com/dquier8fv/image/upload/v1787335176/storecraft/gujranwalamotorsports/products/rehost/honda-steering-mono-006f9d41c3.jpg,0,skipped_existing,same-run cache; shopify_http=200
invoices,6a6ccb851c070689c22b8540,items[5].image,https://cdn.shopify.com/s/files/1/0651/9560/6075/files/citymirror.jpg?v=1780042613,https://res.cloudinary.com/dquier8fv/image/upload/v1787335278/storecraft/gujranwalamotorsports/products/rehost/citymirror-9293538881.jpg,113447,uploaded,dry-run-upload; shopify_http=200
invoices,6a6ccb851c070689c22b8540,items[8].image,https://cdn.shopify.com/s/files/1/0651/9560/6075/files/chyarger5.jpg?v=1771408369,https://res.cloudinary.com/dquier8fv/image/upload/v1787227182/storecraft/gujranwalamotorsports/categories/rehost/chyarger5-252c019ba6.jpg,0,skipped_existing,same-run cache; shopify_http=200
